times[s],height[m],height_up[m],height_down[m],velocity[m/s],capillary_force[N],viscous_force[N],gravity_force[N],Reynolds_Number,Fluid_Number,Weber_Number
0.000000e+00,0.000000e+00,0.000000e+00,0.000000e+00,0.000000e+00,0.000000e+00,0.000000e+00,0.000000e+00,0.000000e+00,0.000000e+00,0.000000e+00
1.000000e-03,4.019582e-03,4.184965e-03,3.839906e-03,2.009791e+00,2.230531e-04,-2.030353e-04,-3.093833e-05,1.426952e-01,2.871130e+01,2.844549e+01
2.000000e-03,5.562583e-03,5.771584e-03,5.331197e-03,1.328995e+00,2.230531e-04,-1.857975e-04,-4.281466e-05,9.435868e-02,1.898565e+01,1.243823e+01
3.000000e-03,6.702425e-03,6.936127e-03,6.439431e-03,1.042918e+00,2.230531e-04,-1.756799e-04,-5.158790e-05,7.404719e-02,1.489883e+01,7.659706e+00
4.000000e-03,7.633731e-03,7.882466e-03,7.349453e-03,8.744975e-01,2.230531e-04,-1.677781e-04,-5.875608e-05,6.208932e-02,1.249282e+01,5.385534e+00
5.000000e-03,8.431971e-03,8.689660e-03,8.132930e-03,7.604558e-01,2.230531e-04,-1.611547e-04,-6.490005e-05,5.399236e-02,1.086365e+01,4.072486e+00
6.000000e-03,9.135856e-03,9.398258e-03,8.826627e-03,6.767688e-01,2.230531e-04,-1.553923e-04,-7.031779e-05,4.805058e-02,9.668126e+00,3.225465e+00
7.000000e-03,9.768379e-03,1.003235e-02,9.452382e-03,6.120449e-01,2.230531e-04,-1.502608e-04,-7.518626e-05,4.345519e-02,8.743498e+00,2.638021e+00
8.000000e-03,1.034452e-02,1.060761e-02,1.002442e-02,5.600959e-01,2.230531e-04,-1.456172e-04,-7.962075e-05,3.976681e-02,8.001370e+00,2.209207e+00
9.000000e-03,1.087468e-02,1.113493e-02,1.055263e-02,5.172333e-01,2.230531e-04,-1.413652e-04,-8.370131e-05,3.672357e-02,7.389047e+00,1.884016e+00
1.000000e-02,1.136642e-02,1.162224e-02,1.104420e-02,4.811043e-01,2.230531e-04,-1.374367e-04,-8.748620e-05,3.415841e-02,6.872919e+00,1.630010e+00
1.100000e-02,1.182545e-02,1.207551e-02,1.150455e-02,4.501283e-01,2.230531e-04,-1.337809e-04,-9.101936e-05,3.195911e-02,6.430404e+00,1.426870e+00
1.200000e-02,1.225622e-02,1.249939e-02,1.193790e-02,4.231989e-01,2.230531e-04,-1.303590e-04,-9.433495e-05,3.004712e-02,6.045699e+00,1.261249e+00
1.300000e-02,1.266225e-02,1.289756e-02,1.234760e-02,3.995157e-01,2.230531e-04,-1.271407e-04,-9.746009e-05,2.836561e-02,5.707366e+00,1.124033e+00
1.400000e-02,1.304639e-02,1.327302e-02,1.273636e-02,3.784832e-01,2.230531e-04,-1.241014e-04,-1.004168e-04,2.687231e-02,5.406903e+00,1.008800e+00
1.500000e-02,1.341099e-02,1.362821e-02,1.310643e-02,3.596484e-01,2.230531e-04,-1.212213e-04,-1.032231e-04,2.553504e-02,5.137834e+00,9.108942e-01
1.600000e-02,1.375803e-02,1.396521e-02,1.345967e-02,3.426594e-01,2.230531e-04,-1.184837e-04,-1.058942e-04,2.432882e-02,4.895134e+00,8.268695e-01
1.700000e-02,1.408916e-02,1.428574e-02,1.379767e-02,3.272384e-01,2.230531e-04,-1.158748e-04,-1.084429e-04,2.323392e-02,4.674834e+00,7.541193e-01
1.800000e-02,1.440580e-02,1.459129e-02,1.412177e-02,3.131625e-01,2.230531e-04,-1.133827e-04,-1.108800e-04,2.223454e-02,4.473750e+00,6.906390e-01
1.900000e-02,1.470918e-02,1.488314e-02,1.443314e-02,3.002509e-01,2.230531e-04,-1.109974e-04,-1.132151e-04,2.131781e-02,4.289299e+00,6.348634e-01
2.000000e-02,1.500036e-02,1.516240e-02,1.473279e-02,2.883549e-01,2.230531e-04,-1.087099e-04,-1.154563e-04,2.047320e-02,4.119356e+00,5.855532e-01
2.100000e-02,1.528028e-02,1.543004e-02,1.502161e-02,2.773511e-01,2.230531e-04,-1.065126e-04,-1.176108e-04,1.969193e-02,3.962158e+00,5.417156e-01
2.200000e-02,1.554975e-02,1.568693e-02,1.530038e-02,2.671359e-01,2.230531e-04,-1.043988e-04,-1.196849e-04,1.896665e-02,3.816228e+00,5.025465e-01
2.300000e-02,1.580950e-02,1.593382e-02,1.556979e-02,2.576220e-01,2.230531e-04,-1.023625e-04,-1.216842e-04,1.829116e-02,3.680314e+00,4.673880e-01
2.400000e-02,1.606019e-02,1.617140e-02,1.583047e-02,2.487348e-01,2.230531e-04,-1.003985e-04,-1.236137e-04,1.766017e-02,3.553354e+00,4.356972e-01
2.500000e-02,1.630240e-02,1.640027e-02,1.608297e-02,2.404104e-01,2.230531e-04,-9.850194e-05,-1.254780e-04,1.706914e-02,3.434435e+00,4.070223e-01
2.600000e-02,1.653666e-02,1.662098e-02,1.632779e-02,2.325937e-01,2.230531e-04,-9.666862e-05,-1.272810e-04,1.651415e-02,3.322767e+00,3.809847e-01
2.700000e-02,1.676343e-02,1.683402e-02,1.656538e-02,2.252367e-01,2.230531e-04,-9.489468e-05,-1.290265e-04,1.599181e-02,3.217667e+00,3.572647e-01
2.800000e-02,1.698315e-02,1.703985e-02,1.679616e-02,2.182977e-01,2.230531e-04,-9.317665e-05,-1.307176e-04,1.549913e-02,3.118538e+00,3.355906e-01
2.900000e-02,1.719621e-02,1.723887e-02,1.702049e-02,2.117398e-01,2.230531e-04,-9.151136e-05,-1.323575e-04,1.503353e-02,3.024855e+00,3.157306e-01
3.000000e-02,1.740296e-02,1.743146e-02,1.723872e-02,2.055308e-01,2.230531e-04,-8.989593e-05,-1.339489e-04,1.459269e-02,2.936154e+00,2.974853e-01
3.100000e-02,1.760375e-02,1.761795e-02,1.745116e-02,1.996420e-01,2.230531e-04,-8.832771e-05,-1.354944e-04,1.417458e-02,2.852028e+00,2.806826e-01
3.200000e-02,1.779887e-02,1.779868e-02,1.765810e-02,1.940479e-01,2.230531e-04,-8.680428e-05,-1.369962e-04,1.377740e-02,2.772112e+00,2.651731e-01
3.300000e-02,1.798860e-02,1.797391e-02,1.785980e-02,1.887257e-01,2.230531e-04,-8.532340e-05,-1.384565e-04,1.339952e-02,2.696081e+00,2.508267e-01
3.400000e-02,1.817319e-02,1.814393e-02,1.805652e-02,1.836551e-01,2.230531e-04,-8.388301e-05,-1.398772e-04,1.303951e-02,2.623645e+00,2.375296e-01
3.500000e-02,1.835289e-02,1.830899e-02,1.824847e-02,1.788178e-01,2.230531e-04,-8.248121e-05,-1.412604e-04,1.269606e-02,2.554540e+00,2.251818e-01
3.600000e-02,1.852791e-02,1.846930e-02,1.843587e-02,1.741973e-01,2.230531e-04,-8.111622e-05,-1.426075e-04,1.236801e-02,2.488533e+00,2.136950e-01
3.700000e-02,1.869847e-02,1.862509e-02,1.861893e-02,1.697786e-01,2.230531e-04,-7.978639e-05,-1.439203e-04,1.205428e-02,2.425409e+00,2.029914e-01
3.800000e-02,1.886475e-02,1.877656e-02,1.879781e-02,1.655483e-01,2.230531e-04,-7.849021e-05,-1.452001e-04,1.175393e-02,2.364975e+00,1.930016e-01
3.900000e-02,1.902693e-02,1.892389e-02,1.897269e-02,1.614939e-01,2.230531e-04,-7.722623e-05,-1.464484e-04,1.146607e-02,2.307056e+00,1.836640e-01
4.000000e-02,1.918519e-02,1.906725e-02,1.914373e-02,1.576044e-01,2.230531e-04,-7.599313e-05,-1.476665e-04,1.118991e-02,2.251492e+00,1.749236e-01
4.100000e-02,1.933968e-02,1.920682e-02,1.931109e-02,1.538695e-01,2.230531e-04,-7.478965e-05,-1.488556e-04,1.092473e-02,2.198135e+00,1.667311e-01
4.200000e-02,1.949054e-02,1.934274e-02,1.947490e-02,1.502797e-01,2.230531e-04,-7.361462e-05,-1.500168e-04,1.066986e-02,2.146853e+00,1.590422e-01
4.300000e-02,1.963792e-02,1.947516e-02,1.963529e-02,1.468265e-01,2.230531e-04,-7.246693e-05,-1.511511e-04,1.042468e-02,2.097522e+00,1.518171e-01
4.400000e-02,1.978195e-02,1.960422e-02,1.979240e-02,1.435020e-01,2.230531e-04,-7.134555e-05,-1.522597e-04,1.018864e-02,2.050029e+00,1.450199e-01
4.500000e-02,1.992274e-02,1.973004e-02,1.994634e-02,1.402989e-01,2.230531e-04,-7.024950e-05,-1.533434e-04,9.961222e-03,2.004270e+00,1.386182e-01
4.600000e-02,2.006042e-02,1.985274e-02,2.009721e-02,1.372104e-01,2.230531e-04,-6.917786e-05,-1.544031e-04,9.741941e-03,1.960149e+00,1.325824e-01
4.700000e-02,2.019510e-02,1.997244e-02,2.024513e-02,1.342304e-01,2.230531e-04,-6.812975e-05,-1.554397e-04,9.530358e-03,1.917577e+00,1.268859e-01
4.800000e-02,2.032688e-02,2.008925e-02,2.039020e-02,1.313530e-01,2.230531e-04,-6.710436e-05,-1.564540e-04,9.326065e-03,1.876472e+00,1.215043e-01
4.900000e-02,2.045586e-02,2.020326e-02,2.053250e-02,1.285730e-01,2.230531e-04,-6.610090e-05,-1.574468e-04,9.128681e-03,1.836757e+00,1.164156e-01
5.000000e-02,2.058214e-02,2.031458e-02,2.067214e-02,1.258853e-01,2.230531e-04,-6.511864e-05,-1.584187e-04,8.937855e-03,1.798361e+00,1.115993e-01
5.100000e-02,2.070579e-02,2.042330e-02,2.080918e-02,1.232853e-01,2.230531e-04,-6.415686e-05,-1.593704e-04,8.753258e-03,1.761219e+00,1.070371e-01
5.200000e-02,2.082691e-02,2.052950e-02,2.094373e-02,1.207688e-01,2.230531e-04,-6.321491e-05,-1.603027e-04,8.574585e-03,1.725269e+00,1.027120e-01
5.300000e-02,2.094558e-02,2.063327e-02,2.107584e-02,1.183317e-01,2.230531e-04,-6.229214e-05,-1.612161e-04,8.401549e-03,1.690452e+00,9.860834e-02
5.400000e-02,2.106187e-02,2.073469e-02,2.120560e-02,1.159702e-01,2.230531e-04,-6.138796e-05,-1.621112e-04,8.233884e-03,1.656717e+00,9.471187e-02
5.500000e-02,2.117586e-02,2.083383e-02,2.133308e-02,1.136809e-01,2.230531e-04,-6.050179e-05,-1.629885e-04,8.071340e-03,1.624012e+00,9.100941e-02
5.600000e-02,2.128761e-02,2.093077e-02,2.145834e-02,1.114603e-01,2.230531e-04,-5.963308e-05,-1.638487e-04,7.913685e-03,1.592291e+00,8.748880e-02
5.700000e-02,2.139720e-02,2.102557e-02,2.158144e-02,1.093056e-01,2.230531e-04,-5.878130e-05,-1.646921e-04,7.760698e-03,1.561509e+00,8.413884e-02
5.800000e-02,2.150468e-02,2.111830e-02,2.170245e-02,1.072137e-01,2.230531e-04,-5.794597e-05,-1.655194e-04,7.612174e-03,1.531624e+00,8.094916e-02
5.900000e-02,2.161012e-02,2.120902e-02,2.182143e-02,1.051820e-01,2.230531e-04,-5.712659e-05,-1.663310e-04,7.467919e-03,1.502599e+00,7.791016e-02
6.000000e-02,2.171357e-02,2.129779e-02,2.193842e-02,1.032078e-01,2.230531e-04,-5.632271e-05,-1.671273e-04,7.327751e-03,1.474396e+00,7.501296e-02
6.100000e-02,2.181510e-02,2.138467e-02,2.205349e-02,1.012887e-01,2.230531e-04,-5.553389e-05,-1.679087e-04,7.191498e-03,1.446982e+00,7.224931e-02
6.200000e-02,2.191475e-02,2.146972e-02,2.216669e-02,9.942253e-02,2.230531e-04,-5.475971e-05,-1.686757e-04,7.059000e-03,1.420322e+00,6.961155e-02
6.300000e-02,2.201257e-02,2.155298e-02,2.227806e-02,9.760708e-02,2.230531e-04,-5.399978e-05,-1.694286e-04,6.930103e-03,1.394387e+00,6.709255e-02
6.400000e-02,2.210862e-02,2.163452e-02,2.238765e-02,9.584032e-02,2.230531e-04,-5.325370e-05,-1.701679e-04,6.804662e-03,1.369147e+00,6.468568e-02
6.500000e-02,2.220294e-02,2.171437e-02,2.249551e-02,9.412032e-02,2.230531e-04,-5.252110e-05,-1.708939e-04,6.682543e-03,1.344576e+00,6.238475e-02
6.600000e-02,2.229558e-02,2.179258e-02,2.260168e-02,9.244528e-02,2.230531e-04,-5.180163e-05,-1.716069e-04,6.563615e-03,1.320647e+00,6.018402e-02
6.700000e-02,2.238658e-02,2.186920e-02,2.270621e-02,9.081348e-02,2.230531e-04,-5.109494e-05,-1.723073e-04,6.447757e-03,1.297335e+00,5.807808e-02
6.800000e-02,2.247598e-02,2.194428e-02,2.280912e-02,8.922327e-02,2.230531e-04,-5.040071e-05,-1.729954e-04,6.334852e-03,1.274618e+00,5.606192e-02
6.900000e-02,2.256382e-02,2.201785e-02,2.291047e-02,8.767312e-02,2.230531e-04,-4.971861e-05,-1.736715e-04,6.224791e-03,1.252473e+00,5.413081e-02
7.000000e-02,2.265015e-02,2.208995e-02,2.301029e-02,8.616155e-02,2.230531e-04,-4.904835e-05,-1.743360e-04,6.117470e-03,1.230879e+00,5.228037e-02
7.100000e-02,2.273500e-02,2.216062e-02,2.310861e-02,8.468716e-02,2.230531e-04,-4.838963e-05,-1.749890e-04,6.012788e-03,1.209817e+00,5.050645e-02
7.200000e-02,2.281840e-02,2.222990e-02,2.320548e-02,8.324864e-02,2.230531e-04,-4.774217e-05,-1.756310e-04,5.910653e-03,1.189266e+00,4.880518e-02
7.300000e-02,2.290039e-02,2.229783e-02,2.330091e-02,8.184471e-02,2.230531e-04,-4.710568e-05,-1.762620e-04,5.810974e-03,1.169210e+00,4.717293e-02
7.400000e-02,2.298100e-02,2.236443e-02,2.339496e-02,8.047417e-02,2.230531e-04,-4.647992e-05,-1.768825e-04,5.713666e-03,1.149631e+00,4.560628e-02
7.500000e-02,2.306028e-02,2.242975e-02,2.348764e-02,7.913588e-02,2.230531e-04,-4.586462e-05,-1.774927e-04,5.618647e-03,1.130513e+00,4.410202e-02
7.600000e-02,2.313824e-02,2.249382e-02,2.357899e-02,7.782874e-02,2.230531e-04,-4.525954e-05,-1.780927e-04,5.525841e-03,1.111839e+00,4.265713e-02
7.700000e-02,2.321491e-02,2.255665e-02,2.366903e-02,7.655172e-02,2.230531e-04,-4.466444e-05,-1.786829e-04,5.435172e-03,1.093596e+00,4.126877e-02
7.800000e-02,2.329034e-02,2.261830e-02,2.375780e-02,7.530381e-02,2.230531e-04,-4.407909e-05,-1.792635e-04,5.346570e-03,1.075769e+00,3.993425e-02
7.900000e-02,2.336454e-02,2.267878e-02,2.384533e-02,7.408407e-02,2.230531e-04,-4.350327e-05,-1.798346e-04,5.259969e-03,1.058344e+00,3.865105e-02
8.000000e-02,2.343755e-02,2.273812e-02,2.393163e-02,7.289158e-02,2.230531e-04,-4.293677e-05,-1.803965e-04,5.175302e-03,1.041308e+00,3.741678e-02
8.100000e-02,2.350938e-02,2.279635e-02,2.401674e-02,7.172548e-02,2.230531e-04,-4.237938e-05,-1.809494e-04,5.092509e-03,1.024650e+00,3.622919e-02
8.200000e-02,2.358007e-02,2.285350e-02,2.410068e-02,7.058494e-02,2.230531e-04,-4.183089e-05,-1.814935e-04,5.011531e-03,1.008356e+00,3.508616e-02
8.300000e-02,2.364964e-02,2.290959e-02,2.418347e-02,6.946917e-02,2.230531e-04,-4.129111e-05,-1.820290e-04,4.932311e-03,9.924166e-01,3.398567e-02
8.400000e-02,2.371812e-02,2.296465e-02,2.426513e-02,6.837739e-02,2.230531e-04,-4.075986e-05,-1.825561e-04,4.854794e-03,9.768198e-01,3.292582e-02
8.500000e-02,2.378553e-02,2.301869e-02,2.434570e-02,6.730888e-02,2.230531e-04,-4.023694e-05,-1.830749e-04,4.778930e-03,9.615554e-01,3.190482e-02
8.600000e-02,2.385188e-02,2.307175e-02,2.442519e-02,6.626294e-02,2.230531e-04,-3.972219e-05,-1.835856e-04,4.704668e-03,9.466134e-01,3.092096e-02
8.700000e-02,2.391721e-02,2.312385e-02,2.450362e-02,6.523889e-02,2.230531e-04,-3.921543e-05,-1.840884e-04,4.631961e-03,9.319842e-01,2.997263e-02
8.800000e-02,2.398153e-02,2.317500e-02,2.458102e-02,6.423610e-02,2.230531e-04,-3.871649e-05,-1.845835e-04,4.560763e-03,9.176585e-01,2.905828e-02
8.900000e-02,2.404487e-02,2.322523e-02,2.465739e-02,6.325394e-02,2.230531e-04,-3.822521e-05,-1.850710e-04,4.491030e-03,9.036277e-01,2.817648e-02
9.000000e-02,2.410724e-02,2.327456e-02,2.473278e-02,6.229182e-02,2.230531e-04,-3.774143e-05,-1.855511e-04,4.422719e-03,8.898831e-01,2.732585e-02
9.100000e-02,2.416867e-02,2.332301e-02,2.480718e-02,6.134916e-02,2.230531e-04,-3.726501e-05,-1.860239e-04,4.355790e-03,8.764166e-01,2.650507e-02
9.200000e-02,2.422917e-02,2.337060e-02,2.488062e-02,6.042542e-02,2.230531e-04,-3.679578e-05,-1.864895e-04,4.290205e-03,8.632203e-01,2.571290e-02
9.300000e-02,2.428876e-02,2.341735e-02,2.495313e-02,5.952007e-02,2.230531e-04,-3.633362e-05,-1.869482e-04,4.225925e-03,8.502867e-01,2.494816e-02
9.400000e-02,2.434747e-02,2.346327e-02,2.502470e-02,5.863259e-02,2.230531e-04,-3.587837e-05,-1.874001e-04,4.162914e-03,8.376085e-01,2.420972e-02
9.500000e-02,2.440530e-02,2.350838e-02,2.509538e-02,5.776251e-02,2.230531e-04,-3.542991e-05,-1.878452e-04,4.101138e-03,8.251787e-01,2.349653e-02
9.600000e-02,2.446227e-02,2.355270e-02,2.516516e-02,5.690934e-02,2.230531e-04,-3.498809e-05,-1.882837e-04,4.040563e-03,8.129906e-01,2.280756e-02
9.700000e-02,2.451841e-02,2.359625e-02,2.523406e-02,5.607264e-02,2.230531e-04,-3.455279e-05,-1.887158e-04,3.981157e-03,8.010377e-01,2.214183e-02
9.800000e-02,2.457372e-02,2.363904e-02,2.530211e-02,5.525196e-02,2.230531e-04,-3.412389e-05,-1.891415e-04,3.922889e-03,7.893137e-01,2.149844e-02
9.900000e-02,2.462823e-02,2.368109e-02,2.536931e-02,5.444688e-02,2.230531e-04,-3.370125e-05,-1.895611e-04,3.865728e-03,7.778126e-01,2.087650e-02
1.000000e-01,2.468195e-02,2.372242e-02,2.543569e-02,5.365700e-02,2.230531e-04,-3.328477e-05,-1.899745e-04,3.809647e-03,7.665285e-01,2.027516e-02
1.010000e-01,2.473488e-02,2.376304e-02,2.550125e-02,5.288191e-02,2.230531e-04,-3.287433e-05,-1.903820e-04,3.754616e-03,7.554559e-01,1.969364e-02
1.020000e-01,2.478706e-02,2.380295e-02,2.556601e-02,5.212126e-02,2.230531e-04,-3.246981e-05,-1.907836e-04,3.700609e-03,7.445894e-01,1.913116e-02
1.030000e-01,2.483849e-02,2.384219e-02,2.562998e-02,5.137465e-02,2.230531e-04,-3.207111e-05,-1.911794e-04,3.647600e-03,7.339236e-01,1.858701e-02
1.040000e-01,2.488918e-02,2.388076e-02,2.569318e-02,5.064175e-02,2.230531e-04,-3.167811e-05,-1.915696e-04,3.595564e-03,7.234536e-01,1.806047e-02
1.050000e-01,2.493915e-02,2.391867e-02,2.575562e-02,4.992221e-02,2.230531e-04,-3.129071e-05,-1.919542e-04,3.544477e-03,7.131744e-01,1.755089e-02
1.060000e-01,2.498842e-02,2.395595e-02,2.581731e-02,4.921569e-02,2.230531e-04,-3.090881e-05,-1.923334e-04,3.494314e-03,7.030814e-01,1.705764e-02
1.070000e-01,2.503699e-02,2.399259e-02,2.587827e-02,4.852189e-02,2.230531e-04,-3.053231e-05,-1.927072e-04,3.445054e-03,6.931699e-01,1.658010e-02
1.080000e-01,2.508487e-02,2.402862e-02,2.593850e-02,4.784049e-02,2.230531e-04,-3.016111e-05,-1.930758e-04,3.396675e-03,6.834355e-01,1.611769e-02
1.090000e-01,2.513209e-02,2.406404e-02,2.599803e-02,4.717119e-02,2.230531e-04,-2.979513e-05,-1.934392e-04,3.349154e-03,6.738741e-01,1.566986e-02
1.100000e-01,2.517865e-02,2.409888e-02,2.605685e-02,4.651370e-02,2.230531e-04,-2.943426e-05,-1.937976e-04,3.302472e-03,6.644814e-01,1.523608e-02
1.110000e-01,2.522456e-02,2.413313e-02,2.611499e-02,4.586774e-02,2.230531e-04,-2.907841e-05,-1.941509e-04,3.256609e-03,6.552534e-01,1.481584e-02
1.120000e-01,2.526983e-02,2.416681e-02,2.617245e-02,4.523304e-02,2.230531e-04,-2.872751e-05,-1.944994e-04,3.211546e-03,6.461863e-01,1.440865e-02
1.130000e-01,2.531448e-02,2.419993e-02,2.622924e-02,4.460934e-02,2.230531e-04,-2.838145e-05,-1.948431e-04,3.167263e-03,6.372762e-01,1.401403e-02
1.140000e-01,2.535851e-02,2.423251e-02,2.628538e-02,4.399638e-02,2.230531e-04,-2.804017e-05,-1.951820e-04,3.123743e-03,6.285197e-01,1.363156e-02
1.150000e-01,2.540194e-02,2.426455e-02,2.634087e-02,4.339392e-02,2.230531e-04,-2.770356e-05,-1.955163e-04,3.080968e-03,6.199131e-01,1.326079e-02
1.160000e-01,2.544478e-02,2.429606e-02,2.639573e-02,4.280171e-02,2.230531e-04,-2.737157e-05,-1.958460e-04,3.038921e-03,6.114530e-01,1.290131e-02
1.170000e-01,2.548704e-02,2.432705e-02,2.644996e-02,4.221953e-02,2.230531e-04,-2.704410e-05,-1.961712e-04,2.997587e-03,6.031361e-01,1.255274e-02
1.180000e-01,2.552872e-02,2.435754e-02,2.650358e-02,4.164715e-02,2.230531e-04,-2.672109e-05,-1.964920e-04,2.956947e-03,5.949592e-01,1.221468e-02
1.190000e-01,2.556983e-02,2.438753e-02,2.655659e-02,4.108435e-02,2.230531e-04,-2.640245e-05,-1.968085e-04,2.916989e-03,5.869192e-01,1.188679e-02
1.200000e-01,2.561040e-02,2.441703e-02,2.660900e-02,4.053092e-02,2.230531e-04,-2.608811e-05,-1.971207e-04,2.877695e-03,5.790131e-01,1.156870e-02
1.210000e-01,2.565042e-02,2.444605e-02,2.666083e-02,3.998665e-02,2.230531e-04,-2.577800e-05,-1.974287e-04,2.839052e-03,5.712378e-01,1.126008e-02
1.220000e-01,2.568990e-02,2.447461e-02,2.671207e-02,3.945135e-02,2.230531e-04,-2.547206e-05,-1.977326e-04,2.801046e-03,5.635906e-01,1.096062e-02
1.230000e-01,2.572885e-02,2.450270e-02,2.676275e-02,3.892481e-02,2.230531e-04,-2.517021e-05,-1.980324e-04,2.763662e-03,5.560687e-01,1.067001e-02
1.240000e-01,2.576729e-02,2.453034e-02,2.681286e-02,3.840686e-02,2.230531e-04,-2.487238e-05,-1.983283e-04,2.726887e-03,5.486694e-01,1.038794e-02
1.250000e-01,2.580521e-02,2.455753e-02,2.686242e-02,3.789731e-02,2.230531e-04,-2.457852e-05,-1.986202e-04,2.690709e-03,5.413901e-01,1.011413e-02
1.260000e-01,2.584264e-02,2.458429e-02,2.691144e-02,3.739598e-02,2.230531e-04,-2.428855e-05,-1.989082e-04,2.655114e-03,5.342282e-01,9.848304e-03
1.270000e-01,2.587956e-02,2.461061e-02,2.695992e-02,3.690269e-02,2.230531e-04,-2.400241e-05,-1.991925e-04,2.620091e-03,5.271813e-01,9.590203e-03
1.280000e-01,2.591601e-02,2.463652e-02,2.700786e-02,3.641729e-02,2.230531e-04,-2.372005e-05,-1.994730e-04,2.585628e-03,5.202470e-01,9.339571e-03
1.290000e-01,2.595197e-02,2.466201e-02,2.705529e-02,3.593960e-02,2.230531e-04,-2.344140e-05,-1.997498e-04,2.551712e-03,5.134229e-01,9.096162e-03
1.300000e-01,2.598747e-02,2.468710e-02,2.710220e-02,3.546947e-02,2.230531e-04,-2.316640e-05,-2.000230e-04,2.518333e-03,5.067068e-01,8.859743e-03
1.310000e-01,2.602250e-02,2.471179e-02,2.714860e-02,3.500675e-02,2.230531e-04,-2.289500e-05,-2.002926e-04,2.485479e-03,5.000964e-01,8.630086e-03
1.320000e-01,2.605707e-02,2.473609e-02,2.719450e-02,3.455127e-02,2.230531e-04,-2.262713e-05,-2.005587e-04,2.453140e-03,4.935896e-01,8.406974e-03
1.330000e-01,2.609120e-02,2.476000e-02,2.723991e-02,3.410290e-02,2.230531e-04,-2.236275e-05,-2.008214e-04,2.421306e-03,4.871843e-01,8.190197e-03
1.340000e-01,2.612488e-02,2.478353e-02,2.728484e-02,3.366150e-02,2.230531e-04,-2.210180e-05,-2.010806e-04,2.389966e-03,4.808785e-01,7.979551e-03
1.350000e-01,2.615813e-02,2.480670e-02,2.732928e-02,3.322691e-02,2.230531e-04,-2.184422e-05,-2.013365e-04,2.359111e-03,4.746702e-01,7.774844e-03
1.360000e-01,2.619095e-02,2.482950e-02,2.737325e-02,3.279902e-02,2.230531e-04,-2.158996e-05,-2.015891e-04,2.328730e-03,4.685574e-01,7.575886e-03
1.370000e-01,2.622334e-02,2.485194e-02,2.741676e-02,3.237768e-02,2.230531e-04,-2.133898e-05,-2.018385e-04,2.298816e-03,4.625383e-01,7.382496e-03
1.380000e-01,2.625533e-02,2.487403e-02,2.745980e-02,3.196278e-02,2.230531e-04,-2.109122e-05,-2.020847e-04,2.269357e-03,4.566111e-01,7.194501e-03
1.390000e-01,2.628690e-02,2.489577e-02,2.750239e-02,3.155417e-02,2.230531e-04,-2.084664e-05,-2.023277e-04,2.240346e-03,4.507739e-01,7.011731e-03
1.400000e-01,2.631807e-02,2.491717e-02,2.754454e-02,3.115175e-02,2.230531e-04,-2.060518e-05,-2.025676e-04,2.211774e-03,4.450250e-01,6.834025e-03
1.410000e-01,2.634884e-02,2.493824e-02,2.758624e-02,3.075539e-02,2.230531e-04,-2.036679e-05,-2.028045e-04,2.183633e-03,4.393627e-01,6.661226e-03
1.420000e-01,2.637923e-02,2.495899e-02,2.762751e-02,3.036498e-02,2.230531e-04,-2.013144e-05,-2.030383e-04,2.155914e-03,4.337854e-01,6.493183e-03
1.430000e-01,2.640922e-02,2.497940e-02,2.766834e-02,2.998040e-02,2.230531e-04,-1.989908e-05,-2.032692e-04,2.128609e-03,4.282915e-01,6.329750e-03
1.440000e-01,2.643884e-02,2.499951e-02,2.770876e-02,2.960155e-02,2.230531e-04,-1.966965e-05,-2.034972e-04,2.101710e-03,4.228793e-01,6.170787e-03
1.450000e-01,2.646809e-02,2.501930e-02,2.774875e-02,2.922831e-02,2.230531e-04,-1.944313e-05,-2.037223e-04,2.075210e-03,4.175473e-01,6.016156e-03
1.460000e-01,2.649696e-02,2.503878e-02,2.778834e-02,2.886059e-02,2.230531e-04,-1.921946e-05,-2.039445e-04,2.049102e-03,4.122941e-01,5.865728e-03
1.470000e-01,2.652548e-02,2.505796e-02,2.782751e-02,2.849827e-02,2.230531e-04,-1.899860e-05,-2.041640e-04,2.023377e-03,4.071181e-01,5.719376e-03
1.480000e-01,2.655363e-02,2.507685e-02,2.786629e-02,2.814126e-02,2.230531e-04,-1.878051e-05,-2.043807e-04,1.998030e-03,4.020180e-01,5.576977e-03
1.490000e-01,2.658144e-02,2.509545e-02,2.790466e-02,2.778947e-02,2.230531e-04,-1.856515e-05,-2.045947e-04,1.973052e-03,3.969924e-01,5.438412e-03
1.500000e-01,2.660889e-02,2.511376e-02,2.794265e-02,2.744279e-02,2.230531e-04,-1.835249e-05,-2.048060e-04,1.948438e-03,3.920399e-01,5.303568e-03
1.510000e-01,2.663601e-02,2.513179e-02,2.798025e-02,2.710114e-02,2.230531e-04,-1.814247e-05,-2.050147e-04,1.924181e-03,3.871591e-01,5.172335e-03
1.520000e-01,2.666279e-02,2.514954e-02,2.801746e-02,2.676441e-02,2.230531e-04,-1.793507e-05,-2.052208e-04,1.900273e-03,3.823488e-01,5.044605e-03
1.530000e-01,2.668923e-02,2.516702e-02,2.805430e-02,2.643254e-02,2.230531e-04,-1.773025e-05,-2.054244e-04,1.876710e-03,3.776077e-01,4.920275e-03
1.540000e-01,2.671535e-02,2.518423e-02,2.809077e-02,2.610542e-02,2.230531e-04,-1.752796e-05,-2.056254e-04,1.853485e-03,3.729346e-01,4.799246e-03
1.550000e-01,2.674114e-02,2.520118e-02,2.812687e-02,2.578297e-02,2.230531e-04,-1.732818e-05,-2.058240e-04,1.830591e-03,3.683282e-01,4.681421e-03
1.560000e-01,2.676662e-02,2.521787e-02,2.816261e-02,2.546512e-02,2.230531e-04,-1.713086e-05,-2.060201e-04,1.808024e-03,3.637874e-01,4.566707e-03
1.570000e-01,2.679179e-02,2.523431e-02,2.819799e-02,2.515178e-02,2.230531e-04,-1.693597e-05,-2.062137e-04,1.785776e-03,3.593111e-01,4.455013e-03
1.580000e-01,2.681664e-02,2.525050e-02,2.823302e-02,2.484286e-02,2.230531e-04,-1.674348e-05,-2.064050e-04,1.763843e-03,3.548980e-01,4.346252e-03
1.590000e-01,2.684119e-02,2.526644e-02,2.826769e-02,2.453830e-02,2.230531e-04,-1.655336e-05,-2.065940e-04,1.742219e-03,3.505472e-01,4.240340e-03
1.600000e-01,2.686544e-02,2.528214e-02,2.830202e-02,2.423802e-02,2.230531e-04,-1.636556e-05,-2.067806e-04,1.720900e-03,3.462574e-01,4.137195e-03
1.610000e-01,2.688939e-02,2.529760e-02,2.833602e-02,2.394194e-02,2.230531e-04,-1.618006e-05,-2.069650e-04,1.699878e-03,3.420278e-01,4.036737e-03
1.620000e-01,2.691305e-02,2.531283e-02,2.836967e-02,2.365000e-02,2.230531e-04,-1.599683e-05,-2.071471e-04,1.679150e-03,3.378571e-01,3.938891e-03
1.630000e-01,2.693642e-02,2.532782e-02,2.840299e-02,2.336212e-02,2.230531e-04,-1.581583e-05,-2.073270e-04,1.658710e-03,3.337445e-01,3.843581e-03
1.640000e-01,2.695951e-02,2.534259e-02,2.843599e-02,2.307823e-02,2.230531e-04,-1.563703e-05,-2.075047e-04,1.638554e-03,3.296890e-01,3.750737e-03
1.650000e-01,2.698232e-02,2.535714e-02,2.846866e-02,2.279826e-02,2.230531e-04,-1.546041e-05,-2.076803e-04,1.618677e-03,3.256895e-01,3.660287e-03
1.660000e-01,2.700485e-02,2.537147e-02,2.850101e-02,2.252216e-02,2.230531e-04,-1.528592e-05,-2.078537e-04,1.599073e-03,3.217451e-01,3.572166e-03
1.670000e-01,2.702711e-02,2.538558e-02,2.853304e-02,2.224985e-02,2.230531e-04,-1.511355e-05,-2.080250e-04,1.579739e-03,3.178550e-01,3.486308e-03
1.680000e-01,2.704910e-02,2.539948e-02,2.856476e-02,2.198127e-02,2.230531e-04,-1.494326e-05,-2.081943e-04,1.560670e-03,3.140181e-01,3.402648e-03
1.690000e-01,2.707083e-02,2.541318e-02,2.859617e-02,2.171636e-02,2.230531e-04,-1.477503e-05,-2.083615e-04,1.541861e-03,3.102337e-01,3.321128e-03
1.700000e-01,2.709229e-02,2.542666e-02,2.862728e-02,2.145505e-02,2.230531e-04,-1.460882e-05,-2.085267e-04,1.523309e-03,3.065008e-01,3.241685e-03
1.710000e-01,2.711349e-02,2.543995e-02,2.865808e-02,2.119730e-02,2.230531e-04,-1.444461e-05,-2.086899e-04,1.505008e-03,3.028186e-01,3.164264e-03
1.720000e-01,2.713445e-02,2.545303e-02,2.868859e-02,2.094304e-02,2.230531e-04,-1.428238e-05,-2.088512e-04,1.486956e-03,2.991863e-01,3.088809e-03
1.730000e-01,2.715515e-02,2.546592e-02,2.871880e-02,2.069221e-02,2.230531e-04,-1.412209e-05,-2.090105e-04,1.469147e-03,2.956030e-01,3.015264e-03
1.740000e-01,2.717560e-02,2.547862e-02,2.874872e-02,2.044476e-02,2.230531e-04,-1.396372e-05,-2.091679e-04,1.451578e-03,2.920680e-01,2.943579e-03
1.750000e-01,2.719581e-02,2.549113e-02,2.877835e-02,2.020063e-02,2.230531e-04,-1.380724e-05,-2.093235e-04,1.434245e-03,2.885805e-01,2.873701e-03
1.760000e-01,2.721577e-02,2.550345e-02,2.880770e-02,1.995978e-02,2.230531e-04,-1.365263e-05,-2.094771e-04,1.417144e-03,2.851397e-01,2.805582e-03
1.770000e-01,2.723550e-02,2.551559e-02,2.883677e-02,1.972214e-02,2.230531e-04,-1.349986e-05,-2.096290e-04,1.400272e-03,2.817448e-01,2.739174e-03
1.780000e-01,2.725500e-02,2.552754e-02,2.886556e-02,1.948766e-02,2.230531e-04,-1.334891e-05,-2.097790e-04,1.383624e-03,2.783952e-01,2.674430e-03
1.790000e-01,2.727426e-02,2.553932e-02,2.889407e-02,1.925631e-02,2.230531e-04,-1.319975e-05,-2.099273e-04,1.367198e-03,2.750901e-01,2.611305e-03
1.800000e-01,2.729330e-02,2.555093e-02,2.892232e-02,1.902802e-02,2.230531e-04,-1.305237e-05,-2.100738e-04,1.350989e-03,2.718288e-01,2.549756e-03
1.810000e-01,2.731210e-02,2.556236e-02,2.895029e-02,1.880274e-02,2.230531e-04,-1.290673e-05,-2.102186e-04,1.334995e-03,2.686106e-01,2.489741e-03
1.820000e-01,2.733069e-02,2.557362e-02,2.897800e-02,1.858044e-02,2.230531e-04,-1.276282e-05,-2.103617e-04,1.319211e-03,2.654349e-01,2.431217e-03
1.830000e-01,2.734906e-02,2.558472e-02,2.900545e-02,1.836106e-02,2.230531e-04,-1.262060e-05,-2.105030e-04,1.303636e-03,2.623009e-01,2.374146e-03
1.840000e-01,2.736721e-02,2.559565e-02,2.903263e-02,1.814456e-02,2.230531e-04,-1.248007e-05,-2.106427e-04,1.288264e-03,2.592081e-01,2.318488e-03
1.850000e-01,2.738515e-02,2.560642e-02,2.905957e-02,1.793090e-02,2.230531e-04,-1.234119e-05,-2.107808e-04,1.273094e-03,2.561557e-01,2.264205e-03
1.860000e-01,2.740287e-02,2.561703e-02,2.908624e-02,1.772002e-02,2.230531e-04,-1.220394e-05,-2.109172e-04,1.258122e-03,2.531432e-01,2.211262e-03
1.870000e-01,2.742039e-02,2.562748e-02,2.911267e-02,1.751190e-02,2.230531e-04,-1.206831e-05,-2.110520e-04,1.243345e-03,2.501699e-01,2.159623e-03
1.880000e-01,2.743770e-02,2.563778e-02,2.913885e-02,1.730647e-02,2.230531e-04,-1.193428e-05,-2.111853e-04,1.228760e-03,2.472353e-01,2.109253e-03
1.890000e-01,2.745481e-02,2.564793e-02,2.916478e-02,1.710371e-02,2.230531e-04,-1.180181e-05,-2.113170e-04,1.214364e-03,2.443387e-01,2.060119e-03
1.900000e-01,2.747172e-02,2.565793e-02,2.919047e-02,1.690357e-02,2.230531e-04,-1.167090e-05,-2.114471e-04,1.200154e-03,2.414796e-01,2.012189e-03
1.910000e-01,2.748843e-02,2.566778e-02,2.921593e-02,1.670602e-02,2.230531e-04,-1.154151e-05,-2.115758e-04,1.186127e-03,2.386574e-01,1.965430e-03
1.920000e-01,2.750495e-02,2.567748e-02,2.924114e-02,1.651101e-02,2.230531e-04,-1.141364e-05,-2.117029e-04,1.172282e-03,2.358716e-01,1.919813e-03
1.930000e-01,2.752127e-02,2.568705e-02,2.926612e-02,1.631851e-02,2.230531e-04,-1.128726e-05,-2.118285e-04,1.158614e-03,2.331215e-01,1.875307e-03
1.940000e-01,2.753740e-02,2.569647e-02,2.929087e-02,1.612847e-02,2.230531e-04,-1.116236e-05,-2.119527e-04,1.145121e-03,2.304067e-01,1.831884e-03
1.950000e-01,2.755335e-02,2.570575e-02,2.931539e-02,1.594086e-02,2.230531e-04,-1.103891e-05,-2.120754e-04,1.131801e-03,2.277266e-01,1.789515e-03
1.960000e-01,2.756911e-02,2.571490e-02,2.933968e-02,1.575565e-02,2.230531e-04,-1.091689e-05,-2.121967e-04,1.118651e-03,2.250807e-01,1.748173e-03
1.970000e-01,2.758469e-02,2.572392e-02,2.936375e-02,1.557280e-02,2.230531e-04,-1.079629e-05,-2.123166e-04,1.105669e-03,2.224686e-01,1.707832e-03
1.980000e-01,2.760008e-02,2.573280e-02,2.938760e-02,1.539227e-02,2.230531e-04,-1.067709e-05,-2.124351e-04,1.092851e-03,2.198896e-01,1.668465e-03
1.990000e-01,2.761530e-02,2.574155e-02,2.941122e-02,1.521404e-02,2.230531e-04,-1.055927e-05,-2.125523e-04,1.080197e-03,2.173434e-01,1.630049e-03
2.000000e-01,2.763034e-02,2.575018e-02,2.943463e-02,1.503806e-02,2.230531e-04,-1.044282e-05,-2.126680e-04,1.067702e-03,2.148294e-01,1.592557e-03
2.010000e-01,2.764521e-02,2.575868e-02,2.945783e-02,1.486430e-02,2.230531e-04,-1.032771e-05,-2.127825e-04,1.055365e-03,2.123471e-01,1.555967e-03
2.020000e-01,2.765991e-02,2.576705e-02,2.948081e-02,1.469273e-02,2.230531e-04,-1.021393e-05,-2.128956e-04,1.043184e-03,2.098961e-01,1.520256e-03
2.030000e-01,2.767443e-02,2.577530e-02,2.950358e-02,1.452332e-02,2.230531e-04,-1.010147e-05,-2.130074e-04,1.031156e-03,2.074760e-01,1.485401e-03
2.040000e-01,2.768879e-02,2.578343e-02,2.952614e-02,1.435604e-02,2.230531e-04,-9.990302e-06,-2.131179e-04,1.019279e-03,2.050863e-01,1.451380e-03
2.050000e-01,2.770299e-02,2.579145e-02,2.954850e-02,1.419086e-02,2.230531e-04,-9.880413e-06,-2.132272e-04,1.007551e-03,2.027265e-01,1.418172e-03
2.060000e-01,2.771702e-02,2.579934e-02,2.957066e-02,1.402774e-02,2.230531e-04,-9.771789e-06,-2.133352e-04,9.959695e-04,2.003963e-01,1.385757e-03
2.070000e-01,2.773089e-02,2.580712e-02,2.959261e-02,1.386666e-02,2.230531e-04,-9.664413e-06,-2.134419e-04,9.845328e-04,1.980951e-01,1.354114e-03
2.080000e-01,2.774460e-02,2.581479e-02,2.961436e-02,1.370758e-02,2.230531e-04,-9.558270e-06,-2.135475e-04,9.732385e-04,1.958226e-01,1.323225e-03
2.090000e-01,2.775815e-02,2.582235e-02,2.963592e-02,1.355049e-02,2.230531e-04,-9.453344e-06,-2.136518e-04,9.620848e-04,1.935784e-01,1.293069e-03
2.100000e-01,2.777155e-02,2.582980e-02,2.965728e-02,1.339535e-02,2.230531e-04,-9.349620e-06,-2.137549e-04,9.510696e-04,1.913621e-01,1.263629e-03
2.110000e-01,2.778480e-02,2.583713e-02,2.967845e-02,1.324213e-02,2.230531e-04,-9.247084e-06,-2.138569e-04,9.401909e-04,1.891732e-01,1.234886e-03
2.120000e-01,2.779789e-02,2.584437e-02,2.969942e-02,1.309080e-02,2.230531e-04,-9.145720e-06,-2.139577e-04,9.294468e-04,1.870114e-01,1.206824e-03
2.130000e-01,2.781084e-02,2.585149e-02,2.972021e-02,1.294134e-02,2.230531e-04,-9.045514e-06,-2.140573e-04,9.188354e-04,1.848763e-01,1.179425e-03
2.140000e-01,2.782363e-02,2.585852e-02,2.974081e-02,1.279373e-02,2.230531e-04,-8.946453e-06,-2.141558e-04,9.083548e-04,1.827676e-01,1.152673e-03
2.150000e-01,2.783628e-02,2.586544e-02,2.976123e-02,1.264793e-02,2.230531e-04,-8.848520e-06,-2.142532e-04,8.980032e-04,1.806847e-01,1.126551e-03
2.160000e-01,2.784879e-02,2.587226e-02,2.978146e-02,1.250393e-02,2.230531e-04,-8.751704e-06,-2.143494e-04,8.877788e-04,1.786275e-01,1.101044e-03
2.170000e-01,2.786116e-02,2.587898e-02,2.980151e-02,1.236169e-02,2.230531e-04,-8.655990e-06,-2.144446e-04,8.776798e-04,1.765955e-01,1.076136e-03
2.180000e-01,2.787338e-02,2.588561e-02,2.982138e-02,1.222119e-02,2.230531e-04,-8.561364e-06,-2.145387e-04,8.677044e-04,1.745884e-01,1.051813e-03
2.190000e-01,2.788546e-02,2.589214e-02,2.984108e-02,1.208241e-02,2.230531e-04,-8.467813e-06,-2.146317e-04,8.578510e-04,1.726058e-01,1.028061e-03
2.200000e-01,2.789741e-02,2.589858e-02,2.986060e-02,1.194532e-02,2.230531e-04,-8.375325e-06,-2.147236e-04,8.481179e-04,1.706475e-01,1.004864e-03
2.210000e-01,2.790922e-02,2.590492e-02,2.987994e-02,1.180991e-02,2.230531e-04,-8.283886e-06,-2.148146e-04,8.385034e-04,1.687130e-01,9.822105e-04
2.220000e-01,2.792090e-02,2.591117e-02,2.989911e-02,1.167614e-02,2.230531e-04,-8.193483e-06,-2.149045e-04,8.290058e-04,1.668020e-01,9.600859e-04
2.230000e-01,2.793245e-02,2.591733e-02,2.991811e-02,1.154399e-02,2.230531e-04,-8.104104e-06,-2.149933e-04,8.196236e-04,1.649142e-01,9.384775e-04
2.240000e-01,2.794387e-02,2.592340e-02,2.993694e-02,1.141345e-02,2.230531e-04,-8.015736e-06,-2.150812e-04,8.103552e-04,1.630493e-01,9.173726e-04
2.250000e-01,2.795515e-02,2.592939e-02,2.995561e-02,1.128449e-02,2.230531e-04,-7.928367e-06,-2.151681e-04,8.011990e-04,1.612070e-01,8.967590e-04
2.260000e-01,2.796631e-02,2.593528e-02,2.997411e-02,1.115709e-02,2.230531e-04,-7.841986e-06,-2.152540e-04,7.921535e-04,1.593870e-01,8.766246e-04
2.270000e-01,2.797734e-02,2.594110e-02,2.999244e-02,1.103123e-02,2.230531e-04,-7.756579e-06,-2.153389e-04,7.832172e-04,1.575890e-01,8.569577e-04
2.280000e-01,2.798825e-02,2.594683e-02,3.001062e-02,1.090688e-02,2.230531e-04,-7.672136e-06,-2.154228e-04,7.743886e-04,1.558126e-01,8.377470e-04
2.290000e-01,2.799904e-02,2.595247e-02,3.002863e-02,1.078403e-02,2.230531e-04,-7.588644e-06,-2.155059e-04,7.656663e-04,1.540576e-01,8.189814e-04
2.300000e-01,2.800970e-02,2.595804e-02,3.004649e-02,1.066266e-02,2.230531e-04,-7.506093e-06,-2.155880e-04,7.570488e-04,1.523237e-01,8.006500e-04
2.310000e-01,2.802025e-02,2.596352e-02,3.006418e-02,1.054274e-02,2.230531e-04,-7.424470e-06,-2.156691e-04,7.485347e-04,1.506106e-01,7.827424e-04
2.320000e-01,2.803068e-02,2.596893e-02,3.008172e-02,1.042426e-02,2.230531e-04,-7.343765e-06,-2.157494e-04,7.401227e-04,1.489180e-01,7.652484e-04
2.330000e-01,2.804098e-02,2.597426e-02,3.009911e-02,1.030720e-02,2.230531e-04,-7.263968e-06,-2.158287e-04,7.318113e-04,1.472457e-01,7.481578e-04
2.340000e-01,2.805118e-02,2.597951e-02,3.011635e-02,1.019154e-02,2.230531e-04,-7.185066e-06,-2.159072e-04,7.235993e-04,1.455934e-01,7.314611e-04
2.350000e-01,2.806126e-02,2.598469e-02,3.013343e-02,1.007726e-02,2.230531e-04,-7.107049e-06,-2.159847e-04,7.154852e-04,1.439608e-01,7.151486e-04
2.360000e-01,2.807122e-02,2.598979e-02,3.015036e-02,9.964336e-03,2.230531e-04,-7.029907e-06,-2.160615e-04,7.074679e-04,1.423477e-01,6.992113e-04
2.370000e-01,2.808108e-02,2.599482e-02,3.016715e-02,9.852760e-03,2.230531e-04,-6.953629e-06,-2.161373e-04,6.995460e-04,1.407537e-01,6.836400e-04
2.380000e-01,2.809082e-02,2.599978e-02,3.018379e-02,9.742510e-03,2.230531e-04,-6.878205e-06,-2.162123e-04,6.917182e-04,1.391787e-01,6.684260e-04
2.390000e-01,2.810046e-02,2.600466e-02,3.020028e-02,9.633568e-03,2.230531e-04,-6.803626e-06,-2.162865e-04,6.839833e-04,1.376224e-01,6.535608e-04
2.400000e-01,2.810998e-02,2.600948e-02,3.021663e-02,9.525918e-03,2.230531e-04,-6.729879e-06,-2.163598e-04,6.763402e-04,1.360845e-01,6.390360e-04
2.410000e-01,2.811941e-02,2.601423e-02,3.023284e-02,9.419542e-03,2.230531e-04,-6.656957e-06,-2.164323e-04,6.687875e-04,1.345649e-01,6.248434e-04
2.420000e-01,2.812872e-02,2.601891e-02,3.024891e-02,9.314424e-03,2.230531e-04,-6.584849e-06,-2.165040e-04,6.613241e-04,1.330632e-01,6.109753e-04
2.430000e-01,2.813793e-02,2.602352e-02,3.026483e-02,9.210547e-03,2.230531e-04,-6.513546e-06,-2.165749e-04,6.539488e-04,1.315792e-01,5.974238e-04
2.440000e-01,2.814704e-02,2.602806e-02,3.028062e-02,9.107895e-03,2.230531e-04,-6.443038e-06,-2.166450e-04,6.466606e-04,1.301128e-01,5.841814e-04
2.450000e-01,2.815605e-02,2.603254e-02,3.029627e-02,9.006453e-03,2.230531e-04,-6.373315e-06,-2.167144e-04,6.394582e-04,1.286636e-01,5.712408e-04
2.460000e-01,2.816496e-02,2.603696e-02,3.031179e-02,8.906204e-03,2.230531e-04,-6.304369e-06,-2.167829e-04,6.323405e-04,1.272315e-01,5.585949e-04
2.470000e-01,2.817377e-02,2.604132e-02,3.032717e-02,8.807133e-03,2.230531e-04,-6.236190e-06,-2.168507e-04,6.253064e-04,1.258162e-01,5.462366e-04
2.480000e-01,2.818248e-02,2.604561e-02,3.034242e-02,8.709225e-03,2.230531e-04,-6.168769e-06,-2.169178e-04,6.183550e-04,1.244175e-01,5.341591e-04
2.490000e-01,2.819109e-02,2.604984e-02,3.035754e-02,8.612464e-03,2.230531e-04,-6.102098e-06,-2.169841e-04,6.114850e-04,1.230352e-01,5.223559e-04
2.500000e-01,2.819961e-02,2.605401e-02,3.037253e-02,8.516837e-03,2.230531e-04,-6.036168e-06,-2.170496e-04,6.046954e-04,1.216691e-01,5.108205e-04
2.510000e-01,2.820803e-02,2.605812e-02,3.038738e-02,8.422328e-03,2.230531e-04,-5.970969e-06,-2.171145e-04,5.979853e-04,1.203190e-01,4.995465e-04
2.520000e-01,2.821636e-02,2.606217e-02,3.040211e-02,8.328923e-03,2.230531e-04,-5.906494e-06,-2.171786e-04,5.913535e-04,1.189846e-01,4.885279e-04
2.530000e-01,2.822460e-02,2.606616e-02,3.041672e-02,8.236608e-03,2.230531e-04,-5.842733e-06,-2.172420e-04,5.847992e-04,1.176658e-01,4.777585e-04
2.540000e-01,2.823275e-02,2.607010e-02,3.043119e-02,8.145369e-03,2.230531e-04,-5.779680e-06,-2.173047e-04,5.783212e-04,1.163624e-01,4.672327e-04
2.550000e-01,2.824080e-02,2.607398e-02,3.044555e-02,8.055192e-03,2.230531e-04,-5.717324e-06,-2.173667e-04,5.719187e-04,1.150742e-01,4.569445e-04
2.560000e-01,2.824877e-02,2.607781e-02,3.045978e-02,7.966065e-03,2.230531e-04,-5.655659e-06,-2.174280e-04,5.655906e-04,1.138009e-01,4.468886e-04
2.570000e-01,2.825665e-02,2.608158e-02,3.047388e-02,7.877972e-03,2.230531e-04,-5.594676e-06,-2.174887e-04,5.593360e-04,1.125425e-01,4.370595e-04
2.580000e-01,2.826444e-02,2.608529e-02,3.048787e-02,7.790902e-03,2.230531e-04,-5.534368e-06,-2.175486e-04,5.531540e-04,1.112986e-01,4.274518e-04
2.590000e-01,2.827215e-02,2.608896e-02,3.050174e-02,7.704841e-03,2.230531e-04,-5.474726e-06,-2.176080e-04,5.470437e-04,1.100692e-01,4.180604e-04
2.600000e-01,2.827977e-02,2.609257e-02,3.051549e-02,7.619777e-03,2.230531e-04,-5.415742e-06,-2.176666e-04,5.410042e-04,1.088540e-01,4.088803e-04
2.610000e-01,2.828731e-02,2.609613e-02,3.052912e-02,7.535697e-03,2.230531e-04,-5.357410e-06,-2.177246e-04,5.350345e-04,1.076528e-01,3.999066e-04
2.620000e-01,2.829476e-02,2.609964e-02,3.054263e-02,7.452589e-03,2.230531e-04,-5.299721e-06,-2.177820e-04,5.291338e-04,1.064656e-01,3.911344e-04
2.630000e-01,2.830213e-02,2.610310e-02,3.055603e-02,7.370440e-03,2.230531e-04,-5.242669e-06,-2.178387e-04,5.233013e-04,1.052920e-01,3.825591e-04
2.640000e-01,2.830942e-02,2.610651e-02,3.056932e-02,7.289239e-03,2.230531e-04,-5.186245e-06,-2.178948e-04,5.175360e-04,1.041320e-01,3.741761e-04
2.650000e-01,2.831663e-02,2.610987e-02,3.058249e-02,7.208973e-03,2.230531e-04,-5.130443e-06,-2.179503e-04,5.118371e-04,1.029853e-01,3.659810e-04
2.660000e-01,2.832376e-02,2.611319e-02,3.059555e-02,7.129631e-03,2.230531e-04,-5.075255e-06,-2.180052e-04,5.062038e-04,1.018519e-01,3.579693e-04
2.670000e-01,2.833081e-02,2.611645e-02,3.060850e-02,7.051202e-03,2.230531e-04,-5.020674e-06,-2.180595e-04,5.006353e-04,1.007315e-01,3.501370e-04
2.680000e-01,2.833779e-02,2.611968e-02,3.062134e-02,6.973674e-03,2.230531e-04,-4.966694e-06,-2.181132e-04,4.951308e-04,9.962391e-02,3.424798e-04
2.690000e-01,2.834469e-02,2.612285e-02,3.063407e-02,6.897035e-03,2.230531e-04,-4.913308e-06,-2.181663e-04,4.896895e-04,9.852908e-02,3.349936e-04
2.700000e-01,2.835151e-02,2.612598e-02,3.064669e-02,6.821276e-03,2.230531e-04,-4.860508e-06,-2.182188e-04,4.843106e-04,9.744680e-02,3.276747e-04
2.710000e-01,2.835825e-02,2.612907e-02,3.065921e-02,6.746384e-03,2.230531e-04,-4.808287e-06,-2.182707e-04,4.789933e-04,9.637691e-02,3.205190e-04
2.720000e-01,2.836493e-02,2.613211e-02,3.067162e-02,6.672349e-03,2.230531e-04,-4.756640e-06,-2.183221e-04,4.737368e-04,9.531928e-02,3.135229e-04
2.730000e-01,2.837153e-02,2.613511e-02,3.068392e-02,6.599161e-03,2.230531e-04,-4.705560e-06,-2.183729e-04,4.685405e-04,9.427374e-02,3.066826e-04
2.740000e-01,2.837806e-02,2.613806e-02,3.069613e-02,6.526810e-03,2.230531e-04,-4.655040e-06,-2.184231e-04,4.634035e-04,9.324014e-02,2.999947e-04
2.750000e-01,2.838451e-02,2.614098e-02,3.070822e-02,6.455284e-03,2.230531e-04,-4.605074e-06,-2.184728e-04,4.583252e-04,9.221834e-02,2.934556e-04
2.760000e-01,2.839090e-02,2.614385e-02,3.072022e-02,6.384574e-03,2.230531e-04,-4.555656e-06,-2.185220e-04,4.533047e-04,9.120820e-02,2.870618e-04
2.770000e-01,2.839721e-02,2.614668e-02,3.073212e-02,6.314669e-03,2.230531e-04,-4.506778e-06,-2.185706e-04,4.483415e-04,9.020956e-02,2.808102e-04
2.780000e-01,2.840346e-02,2.614947e-02,3.074391e-02,6.245561e-03,2.230531e-04,-4.458436e-06,-2.186186e-04,4.434348e-04,8.922230e-02,2.746974e-04
2.790000e-01,2.840964e-02,2.615223e-02,3.075561e-02,6.177238e-03,2.230531e-04,-4.410623e-06,-2.186662e-04,4.385839e-04,8.824626e-02,2.687202e-04
2.800000e-01,2.841575e-02,2.615494e-02,3.076720e-02,6.109693e-03,2.230531e-04,-4.363332e-06,-2.187132e-04,4.337882e-04,8.728132e-02,2.628757e-04
2.810000e-01,2.842179e-02,2.615761e-02,3.077870e-02,6.042914e-03,2.230531e-04,-4.316559e-06,-2.187597e-04,4.290469e-04,8.632734e-02,2.571606e-04
2.820000e-01,2.842777e-02,2.616025e-02,3.079011e-02,5.976893e-03,2.230531e-04,-4.270297e-06,-2.188057e-04,4.243594e-04,8.538418e-02,2.515722e-04
2.830000e-01,2.843368e-02,2.616285e-02,3.080141e-02,5.911620e-03,2.230531e-04,-4.224540e-06,-2.188512e-04,4.197250e-04,8.445172e-02,2.461074e-04
2.840000e-01,2.843953e-02,2.616541e-02,3.081263e-02,5.847087e-03,2.230531e-04,-4.179283e-06,-2.188963e-04,4.151432e-04,8.352982e-02,2.407636e-04
2.850000e-01,2.844531e-02,2.616794e-02,3.082375e-02,5.783285e-03,2.230531e-04,-4.134520e-06,-2.189408e-04,4.106132e-04,8.261835e-02,2.355379e-04
2.860000e-01,2.845103e-02,2.617043e-02,3.083477e-02,5.720204e-03,2.230531e-04,-4.090246e-06,-2.189848e-04,4.061345e-04,8.171720e-02,2.304277e-04
2.870000e-01,2.845669e-02,2.617289e-02,3.084570e-02,5.657836e-03,2.230531e-04,-4.046454e-06,-2.190284e-04,4.017064e-04,8.082623e-02,2.254303e-04
2.880000e-01,2.846229e-02,2.617531e-02,3.085655e-02,5.596172e-03,2.230531e-04,-4.003140e-06,-2.190714e-04,3.973282e-04,7.994532e-02,2.205433e-04
2.890000e-01,2.846782e-02,2.617769e-02,3.086730e-02,5.535205e-03,2.230531e-04,-3.960297e-06,-2.191140e-04,3.929995e-04,7.907435e-02,2.157640e-04
2.900000e-01,2.847330e-02,2.618005e-02,3.087796e-02,5.474924e-03,2.230531e-04,-3.917922e-06,-2.191562e-04,3.887196e-04,7.821320e-02,2.110901e-04
2.910000e-01,2.847871e-02,2.618237e-02,3.088853e-02,5.415323e-03,2.230531e-04,-3.876008e-06,-2.191979e-04,3.844879e-04,7.736176e-02,2.065192e-04
2.920000e-01,2.848407e-02,2.618465e-02,3.089902e-02,5.356393e-03,2.230531e-04,-3.834550e-06,-2.192391e-04,3.803039e-04,7.651990e-02,2.020489e-04
2.930000e-01,2.848937e-02,2.618691e-02,3.090941e-02,5.298126e-03,2.230531e-04,-3.793543e-06,-2.192799e-04,3.761670e-04,7.568752e-02,1.976770e-04
2.940000e-01,2.849461e-02,2.618913e-02,3.091973e-02,5.240514e-03,2.230531e-04,-3.752982e-06,-2.193202e-04,3.720765e-04,7.486449e-02,1.934013e-04
2.950000e-01,2.849980e-02,2.619132e-02,3.092995e-02,5.183550e-03,2.230531e-04,-3.712862e-06,-2.193601e-04,3.680320e-04,7.405071e-02,1.892196e-04
2.960000e-01,2.850492e-02,2.619348e-02,3.094009e-02,5.127224e-03,2.230531e-04,-3.673179e-06,-2.193996e-04,3.640329e-04,7.324606e-02,1.851298e-04
2.970000e-01,2.850999e-02,2.619561e-02,3.095015e-02,5.071531e-03,2.230531e-04,-3.633926e-06,-2.194386e-04,3.600787e-04,7.245045e-02,1.811298e-04
2.980000e-01,2.851501e-02,2.619771e-02,3.096012e-02,5.016462e-03,2.230531e-04,-3.595100e-06,-2.194773e-04,3.561688e-04,7.166375e-02,1.772176e-04
2.990000e-01,2.851997e-02,2.619978e-02,3.097001e-02,4.962010e-03,2.230531e-04,-3.556695e-06,-2.195154e-04,3.523027e-04,7.088586e-02,1.733912e-04
3.000000e-01,2.852488e-02,2.620182e-02,3.097981e-02,4.908168e-03,2.230531e-04,-3.518708e-06,-2.195532e-04,3.484799e-04,7.011669e-02,1.696487e-04
3.010000e-01,2.852974e-02,2.620383e-02,3.098954e-02,4.854928e-03,2.230531e-04,-3.481132e-06,-2.195906e-04,3.446999e-04,6.935612e-02,1.659882e-04
3.020000e-01,2.853454e-02,2.620581e-02,3.099919e-02,4.802284e-03,2.230531e-04,-3.443964e-06,-2.196276e-04,3.409622e-04,6.860406e-02,1.624080e-04
3.030000e-01,2.853929e-02,2.620777e-02,3.100875e-02,4.750228e-03,2.230531e-04,-3.407199e-06,-2.196641e-04,3.372662e-04,6.786040e-02,1.589061e-04
3.040000e-01,2.854399e-02,2.620970e-02,3.101824e-02,4.698753e-03,2.230531e-04,-3.370832e-06,-2.197003e-04,3.336114e-04,6.712504e-02,1.554808e-04
3.050000e-01,2.854864e-02,2.621160e-02,3.102765e-02,4.647852e-03,2.230531e-04,-3.334860e-06,-2.197361e-04,3.299975e-04,6.639789e-02,1.521305e-04
3.060000e-01,2.855324e-02,2.621347e-02,3.103698e-02,4.597519e-03,2.230531e-04,-3.299277e-06,-2.197715e-04,3.264239e-04,6.567884e-02,1.488534e-04
3.070000e-01,2.855778e-02,2.621532e-02,3.104623e-02,4.547747e-03,2.230531e-04,-3.264079e-06,-2.198065e-04,3.228900e-04,6.496782e-02,1.456479e-04
3.080000e-01,2.856228e-02,2.621714e-02,3.105541e-02,4.498530e-03,2.230531e-04,-3.229263e-06,-2.198411e-04,3.193956e-04,6.426471e-02,1.425125e-04
3.090000e-01,2.856673e-02,2.621894e-02,3.106451e-02,4.449860e-03,2.230531e-04,-3.194823e-06,-2.198754e-04,3.159401e-04,6.356943e-02,1.394454e-04
3.100000e-01,2.857114e-02,2.622071e-02,3.107354e-02,4.401732e-03,2.230531e-04,-3.160756e-06,-2.199092e-04,3.125229e-04,6.288188e-02,1.364454e-04
3.110000e-01,2.857549e-02,2.622245e-02,3.108249e-02,4.354138e-03,2.230531e-04,-3.127057e-06,-2.199427e-04,3.091438e-04,6.220198e-02,1.335107e-04
3.120000e-01,2.857980e-02,2.622417e-02,3.109137e-02,4.307074e-03,2.230531e-04,-3.093722e-06,-2.199759e-04,3.058023e-04,6.152963e-02,1.306400e-04
3.130000e-01,2.858406e-02,2.622587e-02,3.110017e-02,4.260532e-03,2.230531e-04,-3.060748e-06,-2.200087e-04,3.024978e-04,6.086475e-02,1.278319e-04
3.140000e-01,2.858827e-02,2.622754e-02,3.110890e-02,4.214507e-03,2.230531e-04,-3.028130e-06,-2.200411e-04,2.992300e-04,6.020724e-02,1.250850e-04
3.150000e-01,2.859244e-02,2.622919e-02,3.111756e-02,4.168992e-03,2.230531e-04,-2.995865e-06,-2.200732e-04,2.959985e-04,5.955703e-02,1.223979e-04
3.160000e-01,2.859657e-02,2.623082e-02,3.112615e-02,4.123982e-03,2.230531e-04,-2.963948e-06,-2.201050e-04,2.928027e-04,5.891403e-02,1.197692e-04
3.170000e-01,2.860065e-02,2.623242e-02,3.113467e-02,4.079471e-03,2.230531e-04,-2.932375e-06,-2.201364e-04,2.896424e-04,5.827815e-02,1.171978e-04
3.180000e-01,2.860468e-02,2.623400e-02,3.114312e-02,4.035452e-03,2.230531e-04,-2.901143e-06,-2.201674e-04,2.865171e-04,5.764932e-02,1.146822e-04
3.190000e-01,2.860867e-02,2.623556e-02,3.115150e-02,3.991921e-03,2.230531e-04,-2.870249e-06,-2.201982e-04,2.834264e-04,5.702744e-02,1.122214e-04
3.200000e-01,2.861262e-02,2.623709e-02,3.115982e-02,3.948871e-03,2.230531e-04,-2.839687e-06,-2.202286e-04,2.803698e-04,5.641244e-02,1.098140e-04
3.210000e-01,2.861653e-02,2.623861e-02,3.116806e-02,3.906297e-03,2.230531e-04,-2.809455e-06,-2.202586e-04,2.773471e-04,5.580424e-02,1.074588e-04
3.220000e-01,2.862039e-02,2.624010e-02,3.117623e-02,3.864193e-03,2.230531e-04,-2.779549e-06,-2.202884e-04,2.743577e-04,5.520276e-02,1.051549e-04
3.230000e-01,2.862422e-02,2.624157e-02,3.118434e-02,3.822555e-03,2.230531e-04,-2.749965e-06,-2.203178e-04,2.714014e-04,5.460793e-02,1.029009e-04
3.240000e-01,2.862800e-02,2.624302e-02,3.119239e-02,3.781376e-03,2.230531e-04,-2.720700e-06,-2.203469e-04,2.684777e-04,5.401965e-02,1.006958e-04
3.250000e-01,2.863174e-02,2.624446e-02,3.120036e-02,3.740651e-03,2.230531e-04,-2.691750e-06,-2.203757e-04,2.655862e-04,5.343787e-02,9.853852e-05
3.260000e-01,2.863544e-02,2.624587e-02,3.120827e-02,3.700375e-03,2.230531e-04,-2.663112e-06,-2.204042e-04,2.627266e-04,5.286250e-02,9.642801e-05
3.270000e-01,2.863910e-02,2.624726e-02,3.121612e-02,3.660544e-03,2.230531e-04,-2.634783e-06,-2.204324e-04,2.598986e-04,5.229348e-02,9.436323e-05
3.280000e-01,2.864272e-02,2.624863e-02,3.122390e-02,3.621150e-03,2.230531e-04,-2.606758e-06,-2.204602e-04,2.571017e-04,5.173072e-02,9.234317e-05
3.290000e-01,2.864631e-02,2.624998e-02,3.123162e-02,3.582191e-03,2.230531e-04,-2.579035e-06,-2.204878e-04,2.543356e-04,5.117416e-02,9.036685e-05
3.300000e-01,2.864985e-02,2.625131e-02,3.123928e-02,3.543660e-03,2.230531e-04,-2.551610e-06,-2.205151e-04,2.515999e-04,5.062372e-02,8.843330e-05
3.310000e-01,2.865336e-02,2.625263e-02,3.124687e-02,3.505553e-03,2.230531e-04,-2.524480e-06,-2.205421e-04,2.488943e-04,5.007934e-02,8.654159e-05
3.320000e-01,2.865682e-02,2.625392e-02,3.125441e-02,3.467866e-03,2.230531e-04,-2.497642e-06,-2.205688e-04,2.462185e-04,4.954094e-02,8.469078e-05
3.330000e-01,2.866025e-02,2.625520e-02,3.126188e-02,3.430592e-03,2.230531e-04,-2.471092e-06,-2.205952e-04,2.435720e-04,4.900845e-02,8.288000e-05
3.340000e-01,2.866365e-02,2.625646e-02,3.126929e-02,3.393727e-03,2.230531e-04,-2.444828e-06,-2.206213e-04,2.409546e-04,4.848182e-02,8.110835e-05
3.350000e-01,2.866701e-02,2.625770e-02,3.127664e-02,3.357268e-03,2.230531e-04,-2.418846e-06,-2.206471e-04,2.383660e-04,4.796097e-02,7.937497e-05
3.360000e-01,2.867033e-02,2.625893e-02,3.128393e-02,3.321208e-03,2.230531e-04,-2.393143e-06,-2.206727e-04,2.358058e-04,4.744583e-02,7.767903e-05
3.370000e-01,2.867361e-02,2.626014e-02,3.129116e-02,3.285544e-03,2.230531e-04,-2.367716e-06,-2.206980e-04,2.332736e-04,4.693634e-02,7.601971e-05
3.380000e-01,2.867686e-02,2.626133e-02,3.129833e-02,3.250271e-03,2.230531e-04,-2.342562e-06,-2.207230e-04,2.307692e-04,4.643244e-02,7.439619e-05
3.390000e-01,2.868008e-02,2.626250e-02,3.130544e-02,3.215384e-03,2.230531e-04,-2.317678e-06,-2.207478e-04,2.282923e-04,4.593406e-02,7.280771e-05
3.400000e-01,2.868326e-02,2.626366e-02,3.131250e-02,3.180880e-03,2.230531e-04,-2.293061e-06,-2.207722e-04,2.258424e-04,4.544114e-02,7.125348e-05
3.410000e-01,2.868641e-02,2.626480e-02,3.131950e-02,3.146753e-03,2.230531e-04,-2.268708e-06,-2.207965e-04,2.234195e-04,4.495361e-02,6.973277e-05
3.420000e-01,2.868952e-02,2.626592e-02,3.132644e-02,3.113000e-03,2.230531e-04,-2.244617e-06,-2.208204e-04,2.210230e-04,4.447142e-02,6.824484e-05
3.430000e-01,2.869260e-02,2.626703e-02,3.133333e-02,3.079616e-03,2.230531e-04,-2.220784e-06,-2.208441e-04,2.186527e-04,4.399451e-02,6.678896e-05
3.440000e-01,2.869565e-02,2.626812e-02,3.134016e-02,3.046597e-03,2.230531e-04,-2.197206e-06,-2.208676e-04,2.163084e-04,4.352281e-02,6.536445e-05
3.450000e-01,2.869866e-02,2.626920e-02,3.134693e-02,3.013939e-03,2.230531e-04,-2.173882e-06,-2.208908e-04,2.139896e-04,4.305627e-02,6.397061e-05
3.460000e-01,2.870164e-02,2.627026e-02,3.135365e-02,2.981637e-03,2.230531e-04,-2.150807e-06,-2.209137e-04,2.116963e-04,4.259482e-02,6.260677e-05
3.470000e-01,2.870459e-02,2.627131e-02,3.136032e-02,2.949689e-03,2.230531e-04,-2.127980e-06,-2.209364e-04,2.094279e-04,4.213841e-02,6.127229e-05
3.480000e-01,2.870751e-02,2.627235e-02,3.136693e-02,2.918089e-03,2.230531e-04,-2.105397e-06,-2.209589e-04,2.071843e-04,4.168699e-02,5.996651e-05
3.490000e-01,2.871040e-02,2.627336e-02,3.137349e-02,2.886834e-03,2.230531e-04,-2.083056e-06,-2.209811e-04,2.049652e-04,4.124049e-02,5.868882e-05
3.500000e-01,2.871325e-02,2.627437e-02,3.137999e-02,2.855920e-03,2.230531e-04,-2.060954e-06,-2.210031e-04,2.027704e-04,4.079886e-02,5.743860e-05
3.510000e-01,2.871608e-02,2.627536e-02,3.138644e-02,2.825344e-03,2.230531e-04,-2.039089e-06,-2.210248e-04,2.005994e-04,4.036205e-02,5.621526e-05
3.520000e-01,2.871887e-02,2.627634e-02,3.139284e-02,2.795100e-03,2.230531e-04,-2.017459e-06,-2.210464e-04,1.984521e-04,3.993000e-02,5.501820e-05
3.530000e-01,2.872164e-02,2.627730e-02,3.139919e-02,2.765186e-03,2.230531e-04,-1.996059e-06,-2.210676e-04,1.963282e-04,3.950266e-02,5.384686e-05
3.540000e-01,2.872437e-02,2.627825e-02,3.140549e-02,2.735598e-03,2.230531e-04,-1.974889e-06,-2.210887e-04,1.942274e-04,3.907997e-02,5.270067e-05
3.550000e-01,2.872708e-02,2.627918e-02,3.141174e-02,2.706332e-03,2.230531e-04,-1.953945e-06,-2.211095e-04,1.921495e-04,3.866188e-02,5.157909e-05
3.560000e-01,2.872976e-02,2.628011e-02,3.141793e-02,2.677384e-03,2.230531e-04,-1.933225e-06,-2.211301e-04,1.900943e-04,3.824834e-02,5.048158e-05
3.570000e-01,2.873241e-02,2.628102e-02,3.142408e-02,2.648751e-03,2.230531e-04,-1.912727e-06,-2.211505e-04,1.880613e-04,3.783930e-02,4.940763e-05
3.580000e-01,2.873503e-02,2.628191e-02,3.143018e-02,2.620430e-03,2.230531e-04,-1.892448e-06,-2.211707e-04,1.860505e-04,3.743471e-02,4.835671e-05
3.590000e-01,2.873762e-02,2.628280e-02,3.143622e-02,2.592417e-03,2.230531e-04,-1.872386e-06,-2.211907e-04,1.840616e-04,3.703452e-02,4.732833e-05
3.600000e-01,2.874019e-02,2.628367e-02,3.144222e-02,2.564708e-03,2.230531e-04,-1.852539e-06,-2.212104e-04,1.820942e-04,3.663868e-02,4.632201e-05
3.610000e-01,2.874272e-02,2.628453e-02,3.144817e-02,2.537300e-03,2.230531e-04,-1.832903e-06,-2.212299e-04,1.801483e-04,3.624714e-02,4.533725e-05
3.620000e-01,2.874523e-02,2.628538e-02,3.145408e-02,2.510189e-03,2.230531e-04,-1.813477e-06,-2.212492e-04,1.782234e-04,3.585985e-02,4.437359e-05
3.630000e-01,2.874772e-02,2.628621e-02,3.145993e-02,2.483373e-03,2.230531e-04,-1.794259e-06,-2.212684e-04,1.763195e-04,3.547676e-02,4.343058e-05
3.640000e-01,2.875017e-02,2.628704e-02,3.146574e-02,2.456848e-03,2.230531e-04,-1.775247e-06,-2.212873e-04,1.744362e-04,3.509783e-02,4.250777e-05
3.650000e-01,2.875260e-02,2.628785e-02,3.147150e-02,2.430611e-03,2.230531e-04,-1.756437e-06,-2.213060e-04,1.725734e-04,3.472301e-02,4.160472e-05
3.660000e-01,2.875501e-02,2.628865e-02,3.147722e-02,2.404658e-03,2.230531e-04,-1.737828e-06,-2.213245e-04,1.707307e-04,3.435226e-02,4.072100e-05
3.670000e-01,2.875739e-02,2.628944e-02,3.148289e-02,2.378987e-03,2.230531e-04,-1.719418e-06,-2.213428e-04,1.689081e-04,3.398553e-02,3.985619e-05
3.680000e-01,2.875974e-02,2.629022e-02,3.148851e-02,2.353594e-03,2.230531e-04,-1.701204e-06,-2.213609e-04,1.671052e-04,3.362277e-02,3.900989e-05
3.690000e-01,2.876207e-02,2.629099e-02,3.149409e-02,2.328476e-03,2.230531e-04,-1.683185e-06,-2.213788e-04,1.653218e-04,3.326394e-02,3.818169e-05
3.700000e-01,2.876437e-02,2.629174e-02,3.149962e-02,2.303630e-03,2.230531e-04,-1.665358e-06,-2.213966e-04,1.635577e-04,3.290900e-02,3.737121e-05
3.710000e-01,2.876665e-02,2.629249e-02,3.150511e-02,2.279053e-03,2.230531e-04,-1.647721e-06,-2.214141e-04,1.618128e-04,3.255790e-02,3.657805e-05
3.720000e-01,2.876891e-02,2.629323e-02,3.151056e-02,2.254742e-03,2.230531e-04,-1.630272e-06,-2.214315e-04,1.600867e-04,3.221060e-02,3.580185e-05
3.730000e-01,2.877114e-02,2.629395e-02,3.151596e-02,2.230695e-03,2.230531e-04,-1.613010e-06,-2.214486e-04,1.583793e-04,3.186706e-02,3.504224e-05
3.740000e-01,2.877335e-02,2.629467e-02,3.152132e-02,2.206907e-03,2.230531e-04,-1.595931e-06,-2.214656e-04,1.566904e-04,3.152724e-02,3.429886e-05
3.750000e-01,2.877553e-02,2.629537e-02,3.152664e-02,2.183376e-03,2.230531e-04,-1.579035e-06,-2.214824e-04,1.550197e-04,3.119109e-02,3.357136e-05
3.760000e-01,2.877769e-02,2.629607e-02,3.153191e-02,2.160100e-03,2.230531e-04,-1.562319e-06,-2.214991e-04,1.533671e-04,3.085858e-02,3.285939e-05
3.770000e-01,2.877983e-02,2.629675e-02,3.153714e-02,2.137076e-03,2.230531e-04,-1.545781e-06,-2.215155e-04,1.517324e-04,3.052966e-02,3.216263e-05
3.780000e-01,2.878194e-02,2.629743e-02,3.154233e-02,2.114300e-03,2.230531e-04,-1.529419e-06,-2.215318e-04,1.501153e-04,3.020429e-02,3.148075e-05
3.790000e-01,2.878403e-02,2.629810e-02,3.154748e-02,2.091771e-03,2.230531e-04,-1.513232e-06,-2.215479e-04,1.485157e-04,2.988244e-02,3.081341e-05
3.800000e-01,2.878610e-02,2.629876e-02,3.155259e-02,2.069484e-03,2.230531e-04,-1.497217e-06,-2.215638e-04,1.469334e-04,2.956406e-02,3.016032e-05
3.810000e-01,2.878815e-02,2.629940e-02,3.155765e-02,2.047438e-03,2.230531e-04,-1.481373e-06,-2.215796e-04,1.453681e-04,2.924912e-02,2.952116e-05
3.820000e-01,2.879018e-02,2.630004e-02,3.156268e-02,2.025631e-03,2.230531e-04,-1.465698e-06,-2.215952e-04,1.438198e-04,2.893758e-02,2.889563e-05
3.830000e-01,2.879218e-02,2.630067e-02,3.156766e-02,2.004058e-03,2.230531e-04,-1.450189e-06,-2.216106e-04,1.422881e-04,2.862940e-02,2.828344e-05
3.840000e-01,2.879416e-02,2.630129e-02,3.157261e-02,1.982718e-03,2.230531e-04,-1.434846e-06,-2.216258e-04,1.407730e-04,2.832455e-02,2.768430e-05
3.850000e-01,2.879612e-02,2.630191e-02,3.157751e-02,1.961608e-03,2.230531e-04,-1.419666e-06,-2.216409e-04,1.392742e-04,2.802298e-02,2.709794e-05
3.860000e-01,2.879807e-02,2.630251e-02,3.158238e-02,1.940726e-03,2.230531e-04,-1.404648e-06,-2.216559e-04,1.377916e-04,2.772466e-02,2.652407e-05
3.870000e-01,2.879999e-02,2.630311e-02,3.158721e-02,1.920069e-03,2.230531e-04,-1.389789e-06,-2.216707e-04,1.363249e-04,2.742956e-02,2.596243e-05
3.880000e-01,2.880189e-02,2.630369e-02,3.159200e-02,1.899635e-03,2.230531e-04,-1.375089e-06,-2.216853e-04,1.348741e-04,2.713764e-02,2.541276e-05
3.890000e-01,2.880376e-02,2.630427e-02,3.159675e-02,1.879420e-03,2.230531e-04,-1.360545e-06,-2.216998e-04,1.334388e-04,2.684886e-02,2.487479e-05
3.900000e-01,2.880562e-02,2.630484e-02,3.160146e-02,1.859423e-03,2.230531e-04,-1.346156e-06,-2.217141e-04,1.320191e-04,2.656319e-02,2.434828e-05
3.910000e-01,2.880746e-02,2.630541e-02,3.160614e-02,1.839642e-03,2.230531e-04,-1.331920e-06,-2.217282e-04,1.306146e-04,2.628060e-02,2.383298e-05
3.920000e-01,2.880928e-02,2.630596e-02,3.161078e-02,1.820073e-03,2.230531e-04,-1.317836e-06,-2.217422e-04,1.292252e-04,2.600105e-02,2.332864e-05
3.930000e-01,2.881108e-02,2.630651e-02,3.161538e-02,1.800716e-03,2.230531e-04,-1.303901e-06,-2.217561e-04,1.278508e-04,2.572451e-02,2.283505e-05
3.940000e-01,2.881287e-02,2.630705e-02,3.161995e-02,1.781566e-03,2.230531e-04,-1.290114e-06,-2.217698e-04,1.264912e-04,2.545094e-02,2.235195e-05
3.950000e-01,2.881463e-02,2.630758e-02,3.162448e-02,1.762622e-03,2.230531e-04,-1.276474e-06,-2.217834e-04,1.251462e-04,2.518032e-02,2.187913e-05
3.960000e-01,2.881637e-02,2.630810e-02,3.162897e-02,1.743882e-03,2.230531e-04,-1.262980e-06,-2.217968e-04,1.238156e-04,2.491260e-02,2.141637e-05
3.970000e-01,2.881810e-02,2.630862e-02,3.163343e-02,1.725344e-03,2.230531e-04,-1.249628e-06,-2.218101e-04,1.224994e-04,2.464777e-02,2.096346e-05
3.980000e-01,2.881981e-02,2.630913e-02,3.163785e-02,1.707004e-03,2.230531e-04,-1.236419e-06,-2.218232e-04,1.211973e-04,2.438578e-02,2.052017e-05
3.990000e-01,2.882149e-02,2.630963e-02,3.164223e-02,1.688862e-03,2.230531e-04,-1.223350e-06,-2.218362e-04,1.199092e-04,2.412660e-02,2.008631e-05
4.000000e-01,2.882317e-02,2.631013e-02,3.164659e-02,1.670915e-03,2.230531e-04,-1.210419e-06,-2.218491e-04,1.186350e-04,2.387021e-02,1.966167e-05
4.010000e-01,2.882482e-02,2.631062e-02,3.165090e-02,1.653160e-03,2.230531e-04,-1.197627e-06,-2.218618e-04,1.173744e-04,2.361658e-02,1.924605e-05
4.020000e-01,2.882645e-02,2.631110e-02,3.165519e-02,1.635596e-03,2.230531e-04,-1.184970e-06,-2.218744e-04,1.161273e-04,2.336566e-02,1.883927e-05
4.030000e-01,2.882807e-02,2.631158e-02,3.165943e-02,1.618221e-03,2.230531e-04,-1.172447e-06,-2.218868e-04,1.148937e-04,2.311745e-02,1.844112e-05
4.040000e-01,2.882967e-02,2.631205e-02,3.166365e-02,1.601032e-03,2.230531e-04,-1.160058e-06,-2.218992e-04,1.136733e-04,2.287189e-02,1.805144e-05
4.050000e-01,2.883126e-02,2.631251e-02,3.166783e-02,1.584028e-03,2.230531e-04,-1.147800e-06,-2.219114e-04,1.124660e-04,2.262897e-02,1.767003e-05
4.060000e-01,2.883282e-02,2.631296e-02,3.167198e-02,1.567206e-03,2.230531e-04,-1.135673e-06,-2.219234e-04,1.112716e-04,2.238866e-02,1.729672e-05
4.070000e-01,2.883438e-02,2.631341e-02,3.167610e-02,1.550565e-03,2.230531e-04,-1.123674e-06,-2.219354e-04,1.100901e-04,2.215092e-02,1.693134e-05
4.080000e-01,2.883591e-02,2.631385e-02,3.168018e-02,1.534102e-03,2.230531e-04,-1.111802e-06,-2.219472e-04,1.089212e-04,2.191574e-02,1.657371e-05
4.090000e-01,2.883743e-02,2.631429e-02,3.168423e-02,1.517815e-03,2.230531e-04,-1.100057e-06,-2.219589e-04,1.077649e-04,2.168307e-02,1.622368e-05
4.100000e-01,2.883893e-02,2.631472e-02,3.168825e-02,1.501703e-03,2.230531e-04,-1.088436e-06,-2.219704e-04,1.066209e-04,2.145290e-02,1.588107e-05
4.110000e-01,2.884041e-02,2.631515e-02,3.169223e-02,1.485764e-03,2.230531e-04,-1.076939e-06,-2.219818e-04,1.054892e-04,2.122520e-02,1.554573e-05
4.120000e-01,2.884188e-02,2.631557e-02,3.169619e-02,1.469995e-03,2.230531e-04,-1.065564e-06,-2.219932e-04,1.043697e-04,2.099993e-02,1.521751e-05
4.130000e-01,2.884334e-02,2.631598e-02,3.170011e-02,1.454396e-03,2.230531e-04,-1.054309e-06,-2.220044e-04,1.032621e-04,2.077708e-02,1.489625e-05
4.140000e-01,2.884478e-02,2.631638e-02,3.170401e-02,1.438963e-03,2.230531e-04,-1.043174e-06,-2.220154e-04,1.021664e-04,2.055662e-02,1.458180e-05
4.150000e-01,2.884620e-02,2.631679e-02,3.170787e-02,1.423696e-03,2.230531e-04,-1.032157e-06,-2.220264e-04,1.010824e-04,2.033852e-02,1.427402e-05
4.160000e-01,2.884761e-02,2.631718e-02,3.171170e-02,1.408592e-03,2.230531e-04,-1.021257e-06,-2.220372e-04,1.000101e-04,2.012275e-02,1.397277e-05
4.170000e-01,2.884900e-02,2.631757e-02,3.171550e-02,1.393650e-03,2.230531e-04,-1.010473e-06,-2.220480e-04,9.894918e-05,1.990929e-02,1.367790e-05
4.180000e-01,2.885038e-02,2.631796e-02,3.171927e-02,1.378868e-03,2.230531e-04,-9.998026e-07,-2.220586e-04,9.789965e-05,1.969812e-02,1.338928e-05
4.190000e-01,2.885175e-02,2.631834e-02,3.172301e-02,1.364244e-03,2.230531e-04,-9.892457e-07,-2.220691e-04,9.686135e-05,1.948921e-02,1.310678e-05
4.200000e-01,2.885310e-02,2.631871e-02,3.172672e-02,1.349777e-03,2.230531e-04,-9.788008e-07,-2.220795e-04,9.583416e-05,1.928253e-02,1.283027e-05
4.210000e-01,2.885443e-02,2.631908e-02,3.173041e-02,1.335464e-03,2.230531e-04,-9.684666e-07,-2.220897e-04,9.481796e-05,1.907806e-02,1.255961e-05
4.220000e-01,2.885575e-02,2.631944e-02,3.173406e-02,1.321305e-03,2.230531e-04,-9.582420e-07,-2.220999e-04,9.381262e-05,1.887578e-02,1.229469e-05
4.230000e-01,2.885706e-02,2.631980e-02,3.173768e-02,1.307296e-03,2.230531e-04,-9.481258e-07,-2.221100e-04,9.281803e-05,1.867566e-02,1.203538e-05
4.240000e-01,2.885836e-02,2.632015e-02,3.174128e-02,1.293438e-03,2.230531e-04,-9.381169e-07,-2.221199e-04,9.183408e-05,1.847768e-02,1.178156e-05
4.250000e-01,2.885963e-02,2.632050e-02,3.174485e-02,1.279727e-03,2.230531e-04,-9.282141e-07,-2.221298e-04,9.086064e-05,1.828182e-02,1.153311e-05
4.260000e-01,2.886090e-02,2.632085e-02,3.174839e-02,1.266164e-03,2.230531e-04,-9.184162e-07,-2.221395e-04,8.989761e-05,1.808805e-02,1.128993e-05
4.270000e-01,2.886215e-02,2.632119e-02,3.175190e-02,1.252745e-03,2.230531e-04,-9.087222e-07,-2.221492e-04,8.894487e-05,1.789635e-02,1.105190e-05
4.280000e-01,2.886339e-02,2.632152e-02,3.175538e-02,1.239469e-03,2.230531e-04,-8.991309e-07,-2.221587e-04,8.800230e-05,1.770670e-02,1.081890e-05
4.290000e-01,2.886462e-02,2.632185e-02,3.175884e-02,1.226335e-03,2.230531e-04,-8.896413e-07,-2.221681e-04,8.706981e-05,1.751908e-02,1.059083e-05
4.300000e-01,2.886583e-02,2.632217e-02,3.176226e-02,1.213342e-03,2.230531e-04,-8.802522e-07,-2.221775e-04,8.614727e-05,1.733345e-02,1.036759e-05
4.310000e-01,2.886703e-02,2.632249e-02,3.176567e-02,1.200487e-03,2.230531e-04,-8.709626e-07,-2.221867e-04,8.523458e-05,1.714982e-02,1.014908e-05
4.320000e-01,2.886822e-02,2.632281e-02,3.176904e-02,1.187770e-03,2.230531e-04,-8.617714e-07,-2.221959e-04,8.433164e-05,1.696814e-02,9.935187e-06
4.330000e-01,2.886940e-02,2.632312e-02,3.177239e-02,1.175188e-03,2.230531e-04,-8.526776e-07,-2.222049e-04,8.343834e-05,1.678840e-02,9.725820e-06
4.340000e-01,2.887056e-02,2.632343e-02,3.177571e-02,1.162740e-03,2.230531e-04,-8.436801e-07,-2.222139e-04,8.255456e-05,1.661058e-02,9.520881e-06
4.350000e-01,2.887171e-02,2.632373e-02,3.177901e-02,1.150426e-03,2.230531e-04,-8.347779e-07,-2.222227e-04,8.168022e-05,1.643465e-02,9.320277e-06
4.360000e-01,2.887285e-02,2.632403e-02,3.178228e-02,1.138242e-03,2.230531e-04,-8.259700e-07,-2.222315e-04,8.081521e-05,1.626061e-02,9.123914e-06
4.370000e-01,2.887397e-02,2.632432e-02,3.178552e-02,1.126189e-03,2.230531e-04,-8.172553e-07,-2.222401e-04,7.995943e-05,1.608842e-02,8.931704e-06
4.380000e-01,2.887509e-02,2.632461e-02,3.178874e-02,1.114264e-03,2.230531e-04,-8.086330e-07,-2.222487e-04,7.911277e-05,1.591806e-02,8.743558e-06
4.390000e-01,2.887619e-02,2.632490e-02,3.179193e-02,1.102467e-03,2.230531e-04,-8.001019e-07,-2.222572e-04,7.827515e-05,1.574953e-02,8.559388e-06
4.400000e-01,2.887728e-02,2.632518e-02,3.179510e-02,1.090795e-03,2.230531e-04,-7.916612e-07,-2.222656e-04,7.744645e-05,1.558279e-02,8.379112e-06
4.410000e-01,2.887836e-02,2.632546e-02,3.179824e-02,1.079248e-03,2.230531e-04,-7.833098e-07,-2.222739e-04,7.662659e-05,1.541782e-02,8.202646e-06
4.420000e-01,2.887943e-02,2.632573e-02,3.180136e-02,1.067823e-03,2.230531e-04,-7.750468e-07,-2.222821e-04,7.581547e-05,1.525462e-02,8.029909e-06
4.430000e-01,2.888049e-02,2.632600e-02,3.180446e-02,1.056521e-03,2.230531e-04,-7.668713e-07,-2.222903e-04,7.501299e-05,1.509316e-02,7.860821e-06
4.440000e-01,2.888153e-02,2.632627e-02,3.180752e-02,1.045339e-03,2.230531e-04,-7.587823e-07,-2.222983e-04,7.421907e-05,1.493341e-02,7.695307e-06
4.450000e-01,2.888257e-02,2.632653e-02,3.181057e-02,1.034276e-03,2.230531e-04,-7.507790e-07,-2.223063e-04,7.343360e-05,1.477537e-02,7.533289e-06
4.460000e-01,2.888359e-02,2.632679e-02,3.181359e-02,1.023331e-03,2.230531e-04,-7.428603e-07,-2.223141e-04,7.265650e-05,1.461901e-02,7.374693e-06
4.470000e-01,2.888460e-02,2.632705e-02,3.181659e-02,1.012503e-03,2.230531e-04,-7.350254e-07,-2.223219e-04,7.188768e-05,1.446432e-02,7.219447e-06
4.480000e-01,2.888560e-02,2.632730e-02,3.181956e-02,1.001789e-03,2.230531e-04,-7.272735e-07,-2.223297e-04,7.112705e-05,1.431128e-02,7.067479e-06
4.490000e-01,2.888659e-02,2.632755e-02,3.182251e-02,9.911904e-04,2.230531e-04,-7.196035e-07,-2.223373e-04,7.037452e-05,1.415986e-02,6.918721e-06
4.500000e-01,2.888757e-02,2.632779e-02,3.182544e-02,9.807042e-04,2.230531e-04,-7.120147e-07,-2.223448e-04,6.963000e-05,1.401006e-02,6.773104e-06
4.510000e-01,2.888855e-02,2.632804e-02,3.182835e-02,9.703296e-04,2.230531e-04,-7.045062e-07,-2.223523e-04,6.889340e-05,1.386185e-02,6.630560e-06
4.520000e-01,2.888951e-02,2.632827e-02,3.183123e-02,9.600655e-04,2.230531e-04,-6.970771e-07,-2.223597e-04,6.816465e-05,1.371522e-02,6.491027e-06
4.530000e-01,2.889046e-02,2.632851e-02,3.183409e-02,9.499106e-04,2.230531e-04,-6.897266e-07,-2.223670e-04,6.744365e-05,1.357015e-02,6.354438e-06
4.540000e-01,2.889139e-02,2.632874e-02,3.183692e-02,9.398638e-04,2.230531e-04,-6.824539e-07,-2.223742e-04,6.673033e-05,1.342663e-02,6.220732e-06
4.550000e-01,2.889232e-02,2.632897e-02,3.183974e-02,9.299239e-04,2.230531e-04,-6.752580e-07,-2.223814e-04,6.602460e-05,1.328463e-02,6.089848e-06
4.560000e-01,2.889324e-02,2.632919e-02,3.184253e-02,9.200897e-04,2.230531e-04,-6.681383e-07,-2.223885e-04,6.532637e-05,1.314414e-02,5.961726e-06
4.570000e-01,2.889416e-02,2.632942e-02,3.184530e-02,9.103602e-04,2.230531e-04,-6.610939e-07,-2.223955e-04,6.463557e-05,1.300515e-02,5.836308e-06
4.580000e-01,2.889506e-02,2.632964e-02,3.184805e-02,9.007341e-04,2.230531e-04,-6.541239e-07,-2.224024e-04,6.395212e-05,1.286763e-02,5.713535e-06
4.590000e-01,2.889595e-02,2.632985e-02,3.185078e-02,8.912104e-04,2.230531e-04,-6.472276e-07,-2.224093e-04,6.327594e-05,1.273158e-02,5.593352e-06
4.600000e-01,2.889683e-02,2.633006e-02,3.185348e-02,8.817880e-04,2.230531e-04,-6.404043e-07,-2.224161e-04,6.260695e-05,1.259697e-02,5.475705e-06
4.610000e-01,2.889770e-02,2.633027e-02,3.185617e-02,8.724658e-04,2.230531e-04,-6.336531e-07,-2.224228e-04,6.194507e-05,1.246380e-02,5.360539e-06
4.620000e-01,2.889856e-02,2.633048e-02,3.185883e-02,8.632427e-04,2.230531e-04,-6.269733e-07,-2.224294e-04,6.129023e-05,1.233204e-02,5.247802e-06
4.630000e-01,2.889942e-02,2.633069e-02,3.186147e-02,8.541176e-04,2.230531e-04,-6.203641e-07,-2.224360e-04,6.064235e-05,1.220168e-02,5.137443e-06
4.640000e-01,2.890026e-02,2.633089e-02,3.186409e-02,8.450895e-04,2.230531e-04,-6.138247e-07,-2.224425e-04,6.000135e-05,1.207271e-02,5.029410e-06
4.650000e-01,2.890110e-02,2.633109e-02,3.186669e-02,8.361574e-04,2.230531e-04,-6.073545e-07,-2.224489e-04,5.936717e-05,1.194511e-02,4.923656e-06
4.660000e-01,2.890193e-02,2.633128e-02,3.186928e-02,8.273201e-04,2.230531e-04,-6.009527e-07,-2.224553e-04,5.873973e-05,1.181886e-02,4.820131e-06
4.670000e-01,2.890275e-02,2.633147e-02,3.187184e-02,8.185768e-04,2.230531e-04,-5.946185e-07,-2.224616e-04,5.811895e-05,1.169395e-02,4.718788e-06
4.680000e-01,2.890356e-02,2.633166e-02,3.187438e-02,8.099263e-04,2.230531e-04,-5.883512e-07,-2.224678e-04,5.750477e-05,1.157038e-02,4.619582e-06
4.690000e-01,2.890436e-02,2.633185e-02,3.187690e-02,8.013678e-04,2.230531e-04,-5.821502e-07,-2.224740e-04,5.689711e-05,1.144811e-02,4.522467e-06
4.700000e-01,2.890515e-02,2.633204e-02,3.187940e-02,7.929001e-04,2.230531e-04,-5.760147e-07,-2.224801e-04,5.629591e-05,1.132714e-02,4.427399e-06
4.710000e-01,2.890593e-02,2.633222e-02,3.188188e-02,7.845224e-04,2.230531e-04,-5.699441e-07,-2.224861e-04,5.570109e-05,1.120746e-02,4.334334e-06
4.720000e-01,2.890671e-02,2.633240e-02,3.188434e-02,7.762337e-04,2.230531e-04,-5.639375e-07,-2.224921e-04,5.511259e-05,1.108905e-02,4.243230e-06
4.730000e-01,2.890748e-02,2.633258e-02,3.188678e-02,7.680329e-04,2.230531e-04,-5.579945e-07,-2.224980e-04,5.453034e-05,1.097190e-02,4.154046e-06
4.740000e-01,2.890824e-02,2.633275e-02,3.188921e-02,7.599192e-04,2.230531e-04,-5.521142e-07,-2.225039e-04,5.395427e-05,1.085599e-02,4.066741e-06
4.750000e-01,2.890899e-02,2.633292e-02,3.189161e-02,7.518917e-04,2.230531e-04,-5.462961e-07,-2.225097e-04,5.338431e-05,1.074131e-02,3.981275e-06
4.760000e-01,2.890973e-02,2.633309e-02,3.189400e-02,7.439493e-04,2.230531e-04,-5.405394e-07,-2.225154e-04,5.282040e-05,1.062785e-02,3.897610e-06
4.770000e-01,2.891047e-02,2.633326e-02,3.189637e-02,7.360913e-04,2.230531e-04,-5.348435e-07,-2.225211e-04,5.226248e-05,1.051559e-02,3.815707e-06
4.780000e-01,2.891120e-02,2.633343e-02,3.189871e-02,7.283167e-04,2.230531e-04,-5.292078e-07,-2.225267e-04,5.171048e-05,1.040452e-02,3.735529e-06
4.790000e-01,2.891192e-02,2.633359e-02,3.190104e-02,7.206245e-04,2.230531e-04,-5.236316e-07,-2.225322e-04,5.116434e-05,1.029464e-02,3.657040e-06
4.800000e-01,2.891263e-02,2.633375e-02,3.190336e-02,7.130140e-04,2.230531e-04,-5.181143e-07,-2.225377e-04,5.062399e-05,1.018591e-02,3.580204e-06
4.810000e-01,2.891334e-02,2.633391e-02,3.190565e-02,7.054842e-04,2.230531e-04,-5.126552e-07,-2.225431e-04,5.008938e-05,1.007835e-02,3.504986e-06
4.820000e-01,2.891404e-02,2.633406e-02,3.190793e-02,6.980343e-04,2.230531e-04,-5.072538e-07,-2.225485e-04,4.956044e-05,9.971919e-03,3.431351e-06
4.830000e-01,2.891473e-02,2.633422e-02,3.191019e-02,6.906634e-04,2.230531e-04,-5.019095e-07,-2.225538e-04,4.903710e-05,9.866620e-03,3.359267e-06
4.840000e-01,2.891541e-02,2.633437e-02,3.191243e-02,6.833707e-04,2.230531e-04,-4.966216e-07,-2.225591e-04,4.851932e-05,9.762439e-03,3.288701e-06
4.850000e-01,2.891609e-02,2.633452e-02,3.191465e-02,6.761554e-04,2.230531e-04,-4.913895e-07,-2.225643e-04,4.800703e-05,9.659362e-03,3.219620e-06
4.860000e-01,2.891676e-02,2.633467e-02,3.191685e-02,6.690165e-04,2.230531e-04,-4.862127e-07,-2.225694e-04,4.750017e-05,9.557379e-03,3.151994e-06
4.870000e-01,2.891742e-02,2.633481e-02,3.191904e-02,6.619534e-04,2.230531e-04,-4.810905e-07,-2.225745e-04,4.699869e-05,9.456477e-03,3.085791e-06
4.880000e-01,2.891807e-02,2.633496e-02,3.192121e-02,6.549651e-04,2.230531e-04,-4.760224e-07,-2.225796e-04,4.650252e-05,9.356644e-03,3.020981e-06
4.890000e-01,2.891872e-02,2.633510e-02,3.192337e-02,6.480509e-04,2.230531e-04,-4.710078e-07,-2.225846e-04,4.601162e-05,9.257870e-03,2.957535e-06
4.900000e-01,2.891936e-02,2.633524e-02,3.192551e-02,6.412100e-04,2.230531e-04,-4.660461e-07,-2.225895e-04,4.552591e-05,9.160143e-03,2.895425e-06
4.910000e-01,2.892000e-02,2.633537e-02,3.192763e-02,6.344417e-04,2.230531e-04,-4.611368e-07,-2.225944e-04,4.504536e-05,9.063452e-03,2.834621e-06
4.920000e-01,2.892062e-02,2.633551e-02,3.192973e-02,6.277450e-04,2.230531e-04,-4.562793e-07,-2.225992e-04,4.456990e-05,8.967786e-03,2.775097e-06
4.930000e-01,2.892125e-02,2.633564e-02,3.193182e-02,6.211194e-04,2.230531e-04,-4.514731e-07,-2.226040e-04,4.409947e-05,8.873134e-03,2.716826e-06
4.940000e-01,2.892186e-02,2.633578e-02,3.193389e-02,6.145639e-04,2.230531e-04,-4.467177e-07,-2.226087e-04,4.363404e-05,8.779484e-03,2.659780e-06
4.950000e-01,2.892247e-02,2.633591e-02,3.193595e-02,6.080779e-04,2.230531e-04,-4.420124e-07,-2.226134e-04,4.317353e-05,8.686827e-03,2.603935e-06
4.960000e-01,2.892307e-02,2.633603e-02,3.193799e-02,6.016606e-04,2.230531e-04,-4.373568e-07,-2.226180e-04,4.271791e-05,8.595152e-03,2.549264e-06
4.970000e-01,2.892367e-02,2.633616e-02,3.194001e-02,5.953114e-04,2.230531e-04,-4.327503e-07,-2.226226e-04,4.226711e-05,8.504448e-03,2.495744e-06
4.980000e-01,2.892425e-02,2.633629e-02,3.194202e-02,5.890293e-04,2.230531e-04,-4.281924e-07,-2.226271e-04,4.182108e-05,8.414705e-03,2.443349e-06
4.990000e-01,2.892484e-02,2.633641e-02,3.194401e-02,5.828138e-04,2.230531e-04,-4.236826e-07,-2.226316e-04,4.137978e-05,8.325912e-03,2.392056e-06
5.000000e-01,2.892541e-02,2.633653e-02,3.194599e-02,5.766642e-04,2.230531e-04,-4.192204e-07,-2.226361e-04,4.094316e-05,8.238060e-03,2.341842e-06
5.010000e-01,2.892598e-02,2.633665e-02,3.194795e-02,5.705797e-04,2.230531e-04,-4.148053e-07,-2.226405e-04,4.051116e-05,8.151138e-03,2.292684e-06
5.020000e-01,2.892655e-02,2.633677e-02,3.194989e-02,5.645596e-04,2.230531e-04,-4.104368e-07,-2.226448e-04,4.008373e-05,8.065137e-03,2.244560e-06
5.030000e-01,2.892711e-02,2.633688e-02,3.195183e-02,5.586032e-04,2.230531e-04,-4.061143e-07,-2.226491e-04,3.966083e-05,7.980046e-03,2.197448e-06
5.040000e-01,2.892766e-02,2.633700e-02,3.195374e-02,5.527100e-04,2.230531e-04,-4.018375e-07,-2.226534e-04,3.924241e-05,7.895857e-03,2.151326e-06
5.050000e-01,2.892821e-02,2.633711e-02,3.195564e-02,5.468791e-04,2.230531e-04,-3.976058e-07,-2.226576e-04,3.882841e-05,7.812558e-03,2.106174e-06
5.060000e-01,2.892875e-02,2.633722e-02,3.195753e-02,5.411099e-04,2.230531e-04,-3.934187e-07,-2.226617e-04,3.841881e-05,7.730142e-03,2.061972e-06
5.070000e-01,2.892928e-02,2.633733e-02,3.195940e-02,5.354019e-04,2.230531e-04,-3.892758e-07,-2.226659e-04,3.801353e-05,7.648598e-03,2.018698e-06
5.080000e-01,2.892981e-02,2.633744e-02,3.196126e-02,5.297542e-04,2.230531e-04,-3.851766e-07,-2.226699e-04,3.761255e-05,7.567917e-03,1.976335e-06
5.090000e-01,2.893034e-02,2.633755e-02,3.196310e-02,5.241663e-04,2.230531e-04,-3.811206e-07,-2.226740e-04,3.721581e-05,7.488090e-03,1.934861e-06
5.100000e-01,2.893086e-02,2.633765e-02,3.196493e-02,5.186376e-04,2.230531e-04,-3.771075e-07,-2.226780e-04,3.682327e-05,7.409108e-03,1.894260e-06
5.110000e-01,2.893137e-02,2.633776e-02,3.196674e-02,5.131674e-04,2.230531e-04,-3.731366e-07,-2.226819e-04,3.643488e-05,7.330962e-03,1.854512e-06
5.120000e-01,2.893188e-02,2.633786e-02,3.196854e-02,5.077550e-04,2.230531e-04,-3.692076e-07,-2.226858e-04,3.605061e-05,7.253643e-03,1.815600e-06
5.130000e-01,2.893238e-02,2.633796e-02,3.197032e-02,5.023999e-04,2.230531e-04,-3.653201e-07,-2.226897e-04,3.567040e-05,7.177142e-03,1.777505e-06
5.140000e-01,2.893288e-02,2.633806e-02,3.197210e-02,4.971015e-04,2.230531e-04,-3.614736e-07,-2.226935e-04,3.529421e-05,7.101450e-03,1.740211e-06
5.150000e-01,2.893337e-02,2.633816e-02,3.197385e-02,4.918592e-04,2.230531e-04,-3.576676e-07,-2.226973e-04,3.492200e-05,7.026560e-03,1.703700e-06
5.160000e-01,2.893385e-02,2.633825e-02,3.197560e-02,4.866723e-04,2.230531e-04,-3.539018e-07,-2.227010e-04,3.455373e-05,6.952461e-03,1.667957e-06
5.170000e-01,2.893434e-02,2.633835e-02,3.197733e-02,4.815403e-04,2.230531e-04,-3.501757e-07,-2.227048e-04,3.418936e-05,6.879146e-03,1.632965e-06
5.180000e-01,2.893481e-02,2.633844e-02,3.197905e-02,4.764625e-04,2.230531e-04,-3.464889e-07,-2.227084e-04,3.382884e-05,6.806607e-03,1.598708e-06
5.190000e-01,2.893528e-02,2.633854e-02,3.198075e-02,4.714385e-04,2.230531e-04,-3.428409e-07,-2.227120e-04,3.347213e-05,6.734835e-03,1.565171e-06
5.200000e-01,2.893575e-02,2.633863e-02,3.198244e-02,4.664676e-04,2.230531e-04,-3.392314e-07,-2.227156e-04,3.311920e-05,6.663823e-03,1.532338e-06
5.210000e-01,2.893621e-02,2.633872e-02,3.198412e-02,4.615493e-04,2.230531e-04,-3.356600e-07,-2.227192e-04,3.277000e-05,6.593561e-03,1.500195e-06
5.220000e-01,2.893667e-02,2.633881e-02,3.198578e-02,4.566829e-04,2.230531e-04,-3.321262e-07,-2.227227e-04,3.242449e-05,6.524042e-03,1.468728e-06
5.230000e-01,2.893712e-02,2.633889e-02,3.198743e-02,4.518681e-04,2.230531e-04,-3.286297e-07,-2.227262e-04,3.208263e-05,6.455258e-03,1.437921e-06
5.240000e-01,2.893757e-02,2.633898e-02,3.198907e-02,4.471042e-04,2.230531e-04,-3.251701e-07,-2.227296e-04,3.174439e-05,6.387202e-03,1.407761e-06
5.250000e-01,2.893801e-02,2.633907e-02,3.199070e-02,4.423906e-04,2.230531e-04,-3.217469e-07,-2.227330e-04,3.140973e-05,6.319865e-03,1.378235e-06
5.260000e-01,2.893845e-02,2.633915e-02,3.199231e-02,4.377268e-04,2.230531e-04,-3.183598e-07,-2.227364e-04,3.107861e-05,6.253241e-03,1.349329e-06
5.270000e-01,2.893888e-02,2.633923e-02,3.199391e-02,4.331124e-04,2.230531e-04,-3.150085e-07,-2.227397e-04,3.075098e-05,6.187320e-03,1.321031e-06
5.280000e-01,2.893931e-02,2.633931e-02,3.199550e-02,4.285467e-04,2.230531e-04,-3.116924e-07,-2.227430e-04,3.042682e-05,6.122096e-03,1.293326e-06
5.290000e-01,2.893973e-02,2.633940e-02,3.199708e-02,4.240294e-04,2.230531e-04,-3.084113e-07,-2.227463e-04,3.010608e-05,6.057562e-03,1.266203e-06
5.300000e-01,2.894015e-02,2.633947e-02,3.199864e-02,4.195597e-04,2.230531e-04,-3.051648e-07,-2.227495e-04,2.978874e-05,5.993710e-03,1.239650e-06
5.310000e-01,2.894057e-02,2.633955e-02,3.200019e-02,4.151373e-04,2.230531e-04,-3.019525e-07,-2.227527e-04,2.947475e-05,5.930533e-03,1.213655e-06
5.320000e-01,2.894098e-02,2.633963e-02,3.200173e-02,4.107616e-04,2.230531e-04,-2.987741e-07,-2.227559e-04,2.916408e-05,5.868023e-03,1.188205e-06
5.330000e-01,2.894139e-02,2.633971e-02,3.200326e-02,4.064322e-04,2.230531e-04,-2.956292e-07,-2.227590e-04,2.885669e-05,5.806175e-03,1.163290e-06
5.340000e-01,2.894179e-02,2.633978e-02,3.200477e-02,4.021485e-04,2.230531e-04,-2.925174e-07,-2.227621e-04,2.855255e-05,5.744979e-03,1.138898e-06
5.350000e-01,2.894219e-02,2.633986e-02,3.200628e-02,3.979101e-04,2.230531e-04,-2.894384e-07,-2.227652e-04,2.825162e-05,5.684431e-03,1.115017e-06
5.360000e-01,2.894258e-02,2.633993e-02,3.200777e-02,3.937165e-04,2.230531e-04,-2.863919e-07,-2.227682e-04,2.795387e-05,5.624522e-03,1.091639e-06
5.370000e-01,2.894297e-02,2.634000e-02,3.200925e-02,3.895672e-04,2.230531e-04,-2.833775e-07,-2.227712e-04,2.765927e-05,5.565246e-03,1.068751e-06
5.380000e-01,2.894335e-02,2.634007e-02,3.201072e-02,3.854617e-04,2.230531e-04,-2.803948e-07,-2.227742e-04,2.736778e-05,5.506596e-03,1.046343e-06
5.390000e-01,2.894374e-02,2.634014e-02,3.201218e-02,3.813996e-04,2.230531e-04,-2.774436e-07,-2.227771e-04,2.707937e-05,5.448566e-03,1.024406e-06
5.400000e-01,2.894411e-02,2.634021e-02,3.201362e-02,3.773805e-04,2.230531e-04,-2.745235e-07,-2.227800e-04,2.679401e-05,5.391149e-03,1.002930e-06
5.410000e-01,2.894449e-02,2.634028e-02,3.201506e-02,3.734037e-04,2.230531e-04,-2.716341e-07,-2.227829e-04,2.651166e-05,5.334339e-03,9.819038e-07
5.420000e-01,2.894486e-02,2.634035e-02,3.201648e-02,3.694690e-04,2.230531e-04,-2.687752e-07,-2.227857e-04,2.623230e-05,5.278129e-03,9.613193e-07
5.430000e-01,2.894522e-02,2.634041e-02,3.201789e-02,3.655758e-04,2.230531e-04,-2.659465e-07,-2.227885e-04,2.595588e-05,5.222512e-03,9.411668e-07
5.440000e-01,2.894558e-02,2.634048e-02,3.201930e-02,3.617238e-04,2.230531e-04,-2.631475e-07,-2.227913e-04,2.568239e-05,5.167483e-03,9.214373e-07
5.450000e-01,2.894594e-02,2.634054e-02,3.202069e-02,3.579124e-04,2.230531e-04,-2.603780e-07,-2.227941e-04,2.541178e-05,5.113035e-03,9.021219e-07
5.460000e-01,2.894630e-02,2.634061e-02,3.202207e-02,3.541413e-04,2.230531e-04,-2.576377e-07,-2.227968e-04,2.514403e-05,5.059162e-03,8.832118e-07
5.470000e-01,2.894665e-02,2.634067e-02,3.202344e-02,3.504100e-04,2.230531e-04,-2.549263e-07,-2.227995e-04,2.487911e-05,5.005858e-03,8.646986e-07
5.480000e-01,2.894699e-02,2.634073e-02,3.202480e-02,3.467182e-04,2.230531e-04,-2.522434e-07,-2.228022e-04,2.461699e-05,4.953117e-03,8.465738e-07
5.490000e-01,2.894734e-02,2.634079e-02,3.202614e-02,3.430653e-04,2.230531e-04,-2.495889e-07,-2.228048e-04,2.435763e-05,4.900932e-03,8.288294e-07
5.500000e-01,2.894768e-02,2.634085e-02,3.202748e-02,3.394509e-04,2.230531e-04,-2.469622e-07,-2.228074e-04,2.410102e-05,4.849299e-03,8.114573e-07
5.510000e-01,2.894801e-02,2.634091e-02,3.202881e-02,3.358748e-04,2.230531e-04,-2.443633e-07,-2.228100e-04,2.384711e-05,4.798211e-03,7.944497e-07
5.520000e-01,2.894834e-02,2.634097e-02,3.203013e-02,3.323364e-04,2.230531e-04,-2.417917e-07,-2.228126e-04,2.359588e-05,4.747662e-03,7.777990e-07
5.530000e-01,2.894867e-02,2.634103e-02,3.203143e-02,3.288353e-04,2.230531e-04,-2.392472e-07,-2.228151e-04,2.334731e-05,4.697647e-03,7.614976e-07
5.540000e-01,2.894900e-02,2.634108e-02,3.203273e-02,3.253712e-04,2.230531e-04,-2.367296e-07,-2.228176e-04,2.310136e-05,4.648160e-03,7.455382e-07
5.550000e-01,2.894932e-02,2.634114e-02,3.203402e-02,3.219437e-04,2.230531e-04,-2.342384e-07,-2.228201e-04,2.285800e-05,4.599196e-03,7.299136e-07
5.560000e-01,2.894964e-02,2.634119e-02,3.203529e-02,3.185523e-04,2.230531e-04,-2.317735e-07,-2.228225e-04,2.261722e-05,4.550748e-03,7.146169e-07
5.570000e-01,2.894995e-02,2.634125e-02,3.203656e-02,3.151968e-04,2.230531e-04,-2.293346e-07,-2.228250e-04,2.237897e-05,4.502811e-03,6.996410e-07
5.580000e-01,2.895027e-02,2.634130e-02,3.203782e-02,3.118767e-04,2.230531e-04,-2.269213e-07,-2.228274e-04,2.214324e-05,4.455381e-03,6.849793e-07
5.590000e-01,2.895057e-02,2.634135e-02,3.203907e-02,3.085916e-04,2.230531e-04,-2.245335e-07,-2.228297e-04,2.191000e-05,4.408451e-03,6.706251e-07

